EFF_DATE,SITE_NO,SITE_TYPE_CODE,FACILITY_TYPE,STATE_CODE,FACILITY_ID,CITY,COUNTRY_CODE,ATIS_NO,DESCRIPTION,ATIS_HRS,ATIS_PHONE_NO
2025/02/20,164.0,A,ATCT-TRACON,AL,BHM,BIRMINGHAM,US,1,,24,
2025/02/20,267.0,A,ATCT,AL,DHN,DOTHAN,US,1,,24,
2025/02/20,329.0,A,ATCT-A/C,AL,OZR,FORT NOVOSEL (OZARK),US,1,,24,
2025/02/20,329.01,H,ATCT,AL,HEY,FORT NOVOSEL (OZARK),US,1,,24,
2025/02/20,329.03,H,ATCT,AL,LOR,FORT NOVOSEL (OZARK),US,1,,24,
2025/02/20,359.7,A,ATCT,AL,JKA,GULF SHORES,US,1,,24,251-968-7581
2025/02/20,385.1,A,ATCT-TRACON,AL,HSV,HUNTSVILLE,US,1,,24,
2025/02/20,437.0,A,ATCT,AL,BFM,MOBILE,US,1,,24,
2025/02/20,438.0,A,ATCT-TRACON,AL,MOB,MOBILE,US,1,,24,
2025/02/20,446.0,A,ATCT,AL,MXF,MONTGOMERY,US,1,,"1400-0400Z++ WKDAYS; 1600-0000Z++ WKENDS, CLSD FED HOLS.",
2025/02/20,447.0,A,ATCT-TRACON,AL,MGM,MONTGOMERY,US,1,,24,
2025/02/20,492.5,A,ATCT,AL,HUA,REDSTONE ARSNL HUNTSVILLE,US,1,,SAME AS TWR,C256-842-0188/0165
2025/02/20,492.5,A,ATCT,AL,HUA,REDSTONE ARSNL HUNTSVILLE,US,2,,SAME AS TWR,DSN 788-0188/0165
2025/02/20,546.0,A,ATCT,AL,TOI,TROY,US,1,,24,
2025/02/20,640.5,A,ATCT,AZ,IFP,BULLHEAD CITY,US,2,,24,
2025/02/20,648.0,A,ATCT,AZ,CHD,CHANDLER,US,1,,24,
2025/02/20,674.0,A,ATCT,AZ,FLG,FLAGSTAFF,US,1,,24,
2025/02/20,682.0,A,ATCT-A/C,AZ,FHU,FORT HUACHUCA SIERRA VISTA,US,1,,24,
2025/02/20,692.21,A,ATCT,AZ,GEU,GLENDALE,US,1,,24,
2025/02/20,692.25,A,ATCT-RAPCON,AZ,LUF,GLENDALE,US,1,,"OPR 1330Z-0530Z MON-THU, 1330Z-0130Z FRI, CLSD WEEKENDS, HOL, AND AETC FAMILY DAYS.",
2025/02/20,696.71,A,ATCT,AZ,GYR,GOODYEAR,US,1,,24,
2025/02/20,700.1,A,ATCT,AZ,GCN,GRAND CANYON,US,1,,24,
2025/02/20,729.0,A,ATCT,AZ,FFZ,MESA,US,1,,24,480-641-9378
2025/02/20,751.4,A,ATCT,AZ,DVT,PHOENIX,US,1,,24,
2025/02/20,753.0,A,ATCT,AZ,IWA,PHOENIX,US,2,,"24
",
2025/02/20,754.0,A,ATCT,AZ,PHX,PHOENIX,US,1,D-ATIS,24,
2025/02/20,763.0,A,ATCT,AZ,PRC,PRESCOTT,US,1,,24,
2025/02/20,788.0,A,ATCT,AZ,SDL,SCOTTSDALE,US,2,,24,
2025/02/20,816.0,A,ATCT,AZ,TUS,TUCSON,US,1,,24,520-295-4089
2025/02/20,817.0,A,ATCT,AZ,DMA,TUCSON,US,1,,1300-0530Z,
2025/02/20,818.0,A,ATCT,AZ,RYN,TUCSON,US,2,,24,520-578-0269
2025/02/20,841.0,A,ATCT,AZ,NYL,YUMA,US,1,,24 HRS,
2025/02/20,841.2,A,ATCT,AZ,LGF,YUMA PROVING GROUND (YUMA),US,1,,24,
2025/02/20,975.0,A,ATCT,AR,FYV,FAYETTEVILLE,US,1,,24,
2025/02/20,975.01,A,ATCT,AR,XNA,FAYETTEVILLE/SPRINGDALE/ROGERS,US,1,,24,
2025/02/20,987.0,A,ATCT-TRACON,AR,FSM,FORT SMITH,US,1,,24,
2025/02/20,1028.21,A,ATCT,AR,LRF,JACKSONVILLE,US,1,,1200-0500Z++ MON-FRI; 1500-2300Z++ SAT-SUN EXC HOL,
2025/02/20,1056.0,A,ATCT-TRACON,AR,LIT,LITTLE ROCK,US,2,D-ATIS,24,501-379-2915
2025/02/20,1188.0,A,ATCT,AR,TXK,TEXARKANA,US,1,,24,
2025/02/20,1291.0,A,ATCT-TRACON,CA,BFL,BAKERSFIELD,US,1,,24,661-399-9425
2025/02/20,1353.0,A,ATCT,CA,BUR,BURBANK,US,1,D-ATIS,24,818-843-6633
2025/02/20,1369.1,A,ATCT,CA,CMA,CAMARILLO,US,1,,24,805-484-3351
2025/02/20,1376.1,A,ATCT,CA,CRQ,CARLSBAD,US,1,,24,(760-438-2117)
2025/02/20,1395.0,A,ATCT,CA,CIC,CHICO,US,1,,24,
2025/02/20,1397.7,A,ATCT,CA,NID,CHINA LAKE,US,1,,24,
2025/02/20,1398.0,A,ATCT,CA,CNO,CHINO,US,1,,24,(909) 393-5365
2025/02/20,1437.0,A,ATCT,CA,CCR,CONCORD,US,1,,24,925-685-4567
2025/02/20,1526.8,A,ATCT,CA,EDW,EDWARDS,US,1,,1400-0600Z++,
2025/02/20,1530.0,A,ATCT,CA,NJK,EL CENTRO,US,1,,24,
2025/02/20,1539.0,A,ATCT,CA,EMT,EL MONTE,US,1,,24,626-444-1107
2025/02/20,1565.1,A,ATCT-RAPCON,CA,SUU,FAIRFIELD,US,2,,24,
2025/02/20,1591.0,A,ATCT-TRACON,CA,FAT,FRESNO,US,1,,24,
2025/02/20,1593.0,A,ATCT,CA,FUL,FULLERTON,US,1,,24,714-870-6222
2025/02/20,1647.0,A,ATCT,CA,HHR,HAWTHORNE,US,1,,24,310-675-7945
2025/02/20,1651.0,A,ATCT,CA,HWD,HAYWARD,US,1,,24,510-786-3988
2025/02/20,1683.5,A,ATCT,CA,NRS,IMPERIAL BEACH,US,1,,1600-0630Z MON-THU (1500-0600Z DT) AND 1600-0200Z++ FRI. CLSD FR 0200Z++ DAY PRIOR TIL 1600Z++ DAY FLW GOVT HOL.,
2025/02/20,1754.2,A,ATCT,CA,WJF,LANCASTER,US,1,,24,
2025/02/20,1757.0,A,ATCT,CA,POC,LA VERNE,US,1,,24,909-596-1523
2025/02/20,1767.12,A,ATCT-RATCF,CA,NLC,LEMOORE,US,1,,24,
2025/02/20,1779.2,A,ATCT,CA,LVK,LIVERMORE,US,1,,24,(925) 447-9516
2025/02/20,1788.1,A,ATCT,CA,VBG,LOMPOC,US,2,D-ATIS,24,DSN 275-2847
2025/02/20,1794.0,A,ATCT,CA,LGB,LONG BEACH,US,1,,24,562-595-8564
2025/02/20,1796.0,A,ATCT,CA,SLI,LOS ALAMITOS,US,1,,24,
2025/02/20,1818.0,A,ATCT,CA,LAX,LOS ANGELES,US,1,D-ATIS,24,310-646-2297
2025/02/20,1818.1,A,ATCT,CA,WHP,LOS ANGELES,US,1,,24,818-899-9820
2025/02/20,1873.3,A,ATCT,CA,BAB,MARYSVILLE,US,1,,OPER DURG WING OPER.,
2025/02/20,1886.3,A,ATCT,CA,MER,ATWATER,US,1,,24,
2025/02/20,1896.0,A,ATCT,CA,MOD,MODESTO,US,1,,24,
2025/02/20,1914.0,A,ATCT,CA,MRY,MONTEREY,US,1,,24,(831) 375-7433
2025/02/20,1927.0,A,ATCT,CA,NUQ,MOUNTAIN VIEW,US,1,,24,
2025/02/20,1933.0,A,ATCT,CA,APC,NAPA,US,2,,24,(707) 255-2847
2025/02/20,1971.0,A,ATCT,CA,OAK,OAKLAND,US,1,D-ATIS,24,510-635-5850
2025/02/20,1972.0,A,ATCT,CA,NFG,OCEANSIDE,US,1,,"1600-0100Z++ MON -THUR;  FRI,  1600-0100Z++.",
2025/02/20,1986.0,A,ATCT,CA,ONT,ONTARIO,US,1,D-ATIS,24,909-605-0056
2025/02/20,2001.0,A,ATCT,CA,OXR,OXNARD,US,1,,24,805-985-1758
2025/02/20,2013.0,A,ATCT,CA,PMD,PALMDALE,US,1,,24,
2025/02/20,2017.0,A,ATCT,CA,PSP,PALM SPRINGS,US,1,,24,760-327-2770
2025/02/20,2022.0,A,ATCT,CA,PAO,PALO ALTO,US,1,,24,(650-858-0606)
2025/02/20,2057.0,A,ATCT-RATCF,CA,NTD,OXNARD,US,1,,SAME AS TWR HRS.,
2025/02/20,2078.0,A,ATCT,CA,RNM,RAMONA,US,1,,24,
2025/02/20,2089.0,A,ATCT,CA,RDD,REDDING,US,1,,24,
2025/02/20,2112.0,A,ATCT,CA,RAL,RIVERSIDE,US,1,,24,951-688-7257
2025/02/20,2115.0,A,ATCT-RAPCON,CA,RIV,RIVERSIDE,US,1,,24,
2025/02/20,2124.2,A,ATCT,CA,SMF,SACRAMENTO,US,1,D-ATIS,24,916-874-0679
2025/02/20,2126.0,A,ATCT,CA,MHR,SACRAMENTO,US,1,,24,
2025/02/20,2127.0,A,ATCT,CA,SAC,SACRAMENTO,US,1,,24,916-428-7066
2025/02/20,2137.0,A,ATCT,CA,SNS,SALINAS,US,1,,24,
2025/02/20,2154.0,A,ATCT,CA,SBD,SAN BERNARDINO,US,2,D-ATIS,24,
2025/02/20,2160.1,A,ATCT,CA,SQL,SAN CARLOS,US,1,,24,650-593-0613
2025/02/20,2163.0,A,ATCT-RATCF,CA,NUC,SAN CLEMENTE ISLAND,US,1,,0800-1800 MON-THU; 0800-1600 FRI; CLSD WKEND & HOL,
2025/02/20,2165.0,A,ATCT,CA,SEE,SAN DIEGO/EL CAJON,US,1,,24,(619) 449-1228
2025/02/20,2166.0,A,ATCT,CA,MYF,SAN DIEGO,US,1,,24,858-277-3075
2025/02/20,2170.0,A,ATCT,CA,SAN,SAN DIEGO,US,1,D-ATIS,24,619-298-0997
2025/02/20,2177.0,A,ATCT,CA,NKX,SAN DIEGO,US,1,,24,
2025/02/20,2178.0,A,ATCT,CA,NZY,SAN DIEGO,US,1,,1430Z++ MON- 0600Z++ SAT; 1600Z++ SAT- 0600Z++ SUN; 1600Z++ SUN- 0600Z++ MON. CLSD 0200Z++ DAY PRIOR TO 1430Z++ DAY FOLLOWING ALL FEDERAL HOLIDAYS. SEE FLIP AP/1 SUPPLEMENTARY ARPT INFO.,
2025/02/20,2180.0,A,ATCT,CA,SDM,SAN DIEGO,US,1,,24,619-661-0152
2025/02/20,2187.0,A,ATCT,CA,SFO,SAN FRANCISCO,US,1,D-ATIS,24,
2025/02/20,2203.0,A,ATCT,CA,RHV,SAN JOSE,US,1,,24,408-923-7100
2025/02/20,2204.0,A,ATCT,CA,SJC,SAN JOSE,US,1,D-ATIS,24,408-980-8459
2025/02/20,2211.0,A,ATCT,CA,SBP,SAN LUIS OBISPO,US,1,,24,805-545-9638
2025/02/20,2230.0,A,ATCT,CA,SNA,SANTA ANA,US,1,D-ATIS,24,714-546-2279
2025/02/20,2235.0,A,ATCT-TRACON,CA,SBA,SANTA BARBARA,US,1,,24,805-967-0283
2025/02/20,2251.0,A,ATCT,CA,SMX,SANTA MARIA,US,1,,24,(805) 347-9136
2025/02/20,2253.0,A,ATCT,CA,SMO,SANTA MONICA,US,1,,24,310- 450-4620
2025/02/20,2260.0,A,ATCT,CA,STS,SANTA ROSA,US,1,,24,707-545-2847
2025/02/20,2314.0,A,ATCT,CA,SCK,STOCKTON,US,1,,24,209-982-4667
2025/02/20,2356.1,A,ATCT,CA,TOA,TORRANCE,US,1,,24,310-534-2847
2025/02/20,2366.0,A,ATCT,CA,TRK,TRUCKEE,US,1,D-ATIS,24,
2025/02/20,2396.0,A,ATCT,CA,VNY,VAN NUYS,US,1,,24,818-780-4993
2025/02/20,2407.0,A,ATCT,CA,VCV,VICTORVILLE,US,1,,24,
2025/02/20,2517.0,A,ATCT-TRACON,CO,ASE,ASPEN,US,1,,24,
2025/02/20,2543.0,A,ATCT-TRACON,CO,COS,COLORADO SPRINGS,US,1,,24,719-596-7040
2025/02/20,2545.0,A,ATCT,CO,AFF,COLORADO SPRINGS,US,1,,24,
2025/02/20,2569.0,A,ATCT,CO,BJC,DENVER,US,1,,24,303-466-8744
2025/02/20,2572.0,A,ATCT,CO,APA,DENVER,US,1,,24,303-799-6722
2025/02/20,2573.0,A,ATCT,CO,DEN,DENVER,US,1,D-ATIS (ARR),24,303-342-0819
2025/02/20,2573.0,A,ATCT,CO,DEN,DENVER,US,2,D-ATIS (DEP),24,303-342-0820
2025/02/20,2575.1,A,ATCT,CO,CFO,DENVER,US,2,,24,
2025/02/20,2588.0,A,ATCT,CO,EGE,EAGLE,US,1,,24,
2025/02/20,2602.2,A,ATCT,CO,FCS,FORT CARSON,US,1,,0700-2300,
2025/02/20,2603.1,A,ATCT,CO,FNL,FORT COLLINS/LOVELAND,US,1,,24,970-669-9187
2025/02/20,2624.0,A,ATCT,CO,GJT,GRAND JUNCTION,US,1,,24,
2025/02/20,2709.0,A,ATCT,CO,PUB,PUEBLO,US,2,,24,
2025/02/20,2785.0,A,ATCT,CT,BDR,BRIDGEPORT,US,1,,24,
2025/02/20,2802.0,A,ATCT,CT,DXR,DANBURY,US,1,,24,
2025/02/20,2823.0,A,ATCT,CT,GON,GROTON (NEW LONDON),US,1,,24,
2025/02/20,2827.0,A,ATCT,CT,HFD,HARTFORD,US,1,,24,860-246-5929
2025/02/20,2858.0,A,ATCT,CT,HVN,NEW HAVEN,US,1,,24,
2025/02/20,2870.3,A,ATCT,CT,OXC,OXFORD,US,1,,24,203-262-1190
2025/02/20,2946.0,A,ATCT,CT,BDL,WINDSOR LOCKS,US,1,D-ATIS,24,860-386-3570
2025/02/20,2967.0,A,ATCT-RAPCON,DE,DOV,DOVER,US,1,D-ATIS,24,DSN 445-2847
2025/02/20,2999.0,A,ATCT,DE,ILG,WILMINGTON,US,1,,24,
2025/02/20,3001.0,A,ATCT,DC,DCA,WASHINGTON,US,1,D-ATIS,24,703-419-3917
2025/02/20,3002.0,A,ATCT,DC,IAD,WASHINGTON,US,1,D-ATIS,24,571-323-6374
2025/02/20,3003.0,A,ATCT,DC,HEF,WASHINGTON,US,1,,24,703-361-6160
2025/02/20,3121.0,A,ATCT,FL,COF,COCOA BEACH,US,1,,24,
2025/02/20,3147.0,A,ATCT-TRACON,FL,DAB,DAYTONA BEACH,US,1,,24,
2025/02/20,3157.0,A,ATCT,FL,DTS,DESTIN,US,1,,24,
2025/02/20,3192.0,A,ATCT,FL,FLL,FORT LAUDERDALE,US,1,D-ATIS,24,
2025/02/20,3194.0,A,ATCT,FL,FXE,FORT LAUDERDALE,US,1,,24,
2025/02/20,3198.0,A,ATCT,FL,FMY,FORT MYERS,US,1,,24,
2025/02/20,3198.2,A,ATCT-TRACON,FL,RSW,FORT MYERS,US,1,D-ATIS,24,
2025/02/20,3202.0,A,ATCT,FL,FPR,FORT PIERCE,US,1,,24,
2025/02/20,3210.0,A,ATCT,FL,GNV,GAINESVILLE,US,1,,24,
2025/02/20,3236.0,A,ATCT,FL,HWO,HOLLYWOOD,US,1,,24,
2025/02/20,3242.0,A,ATCT-A/C,FL,HST,HOMESTEAD,US,1,,0700-2300,
2025/02/20,3250.1,A,ATCT-TRACON,FL,JAX,JACKSONVILLE,US,1,D-ATIS,24,
2025/02/20,3250.3,A,ATCT,FL,VQQ,JACKSONVILLE,US,1,,24,
2025/02/20,3251.0,A,ATCT,FL,CRG,JACKSONVILLE,US,1,,24,
2025/02/20,3253.0,A,ATCT,FL,NIP,JACKSONVILLE,US,1,,24 HRS,
2025/02/20,3263.0,A,ATCT,FL,EYW,KEY WEST,US,1,,24,
2025/02/20,3264.0,A,ATCT-RATCF,FL,NQX,KEY WEST,US,1,,1200-0300Z++,
2025/02/20,3283.0,A,ATCT,FL,LAL,LAKELAND,US,1,,24,
2025/02/20,3298.0,A,ATCT,FL,LEE,LEESBURG,US,1,,24,
2025/02/20,3319.5,A,ATCT,FL,HRT,MARY ESTHER,US,1,,24,
2025/02/20,3320.0,A,ATCT,FL,NRB,MAYPORT,US,1,,SAME AS ARPT OPERG HRS,
2025/02/20,3321.0,A,ATCT,FL,MLB,MELBOURNE,US,1,,24,
2025/02/20,3325.1,A,ATCT,FL,TMB,MIAMI,US,1,,24,
2025/02/20,3333.0,A,ATCT-TRACON,FL,MIA,MIAMI,US,2,D-ATIS (DEP),24,305-869-5446
2025/02/20,3333.0,A,ATCT-TRACON,FL,MIA,MIAMI,US,4,D-ATIS (ARR),24,305-869-5445
2025/02/20,3339.0,A,ATCT,FL,OPF,MIAMI,US,1,,24,
2025/02/20,3352.0,A,ATCT,FL,NDZ,MILTON,US,1,,"1300-0400Z++ MON-THU, 1400-0400Z++ FRI, 2300-0300Z++ SUN, CLSD SAT AND HOL.",
2025/02/20,3352.01,A,ATCT,FL,NSE,MILTON,US,2,,"1245-0445Z++ MON-FRI, CLSD SAT, SUN & HOL.",
2025/02/20,3379.0,A,ATCT,FL,APF,NAPLES,US,1,,24,239-643-5230
2025/02/20,3387.0,A,ATCT,FL,EVB,NEW SMYRNA BEACH,US,1,,24,
2025/02/20,3394.0,A,ATCT,FL,OCF,OCALA,US,1,,24,
2025/02/20,3407.0,A,ATCT,FL,MCO,ORLANDO,US,1,D-ATIS,24,
2025/02/20,3407.1,A,ATCT,FL,SFB,ORLANDO,US,1,,24,
2025/02/20,3407.2,A,ATCT,FL,ISM,ORLANDO,US,1,,24,
2025/02/20,3408.0,A,ATCT,FL,ORL,ORLANDO,US,1,,24,
2025/02/20,3411.0,A,ATCT,FL,OMN,ORMOND BEACH,US,1,,24,
2025/02/20,3423.3,A,ATCT,FL,FIN,PALM COAST,US,1,,24,
2025/02/20,3430.0,A,ATCT-A/C,FL,PAM,PANAMA CITY,US,1,,"1200-0400Z++ MON-FRI, CLOSED WKENDS, HOL AND ACC DOWN DAYS.",
2025/02/20,3430.3,A,ATCT,FL,ECP,PANAMA CITY,US,1,,24,
2025/02/20,3435.0,A,ATCT,FL,PNS,PENSACOLA,US,1,,24,
2025/02/20,3435.5,A,ATCT,FL,NPA,PENSACOLA,US,2,,"1300-0300Z++ MON-FRI; CLSD SAT; 2100-0230Z++ SUN, HOL BY NOTAM.",
2025/02/20,3451.0,A,ATCT,FL,PMP,POMPANO BEACH,US,1,,24,
2025/02/20,3455.0,A,ATCT,FL,PGD,PUNTA GORDA,US,1,,24,
2025/02/20,3468.0,A,ATCT,FL,SGJ,ST AUGUSTINE,US,1,,24,
2025/02/20,3475.0,A,ATCT,FL,PIE,ST PETERSBURG-CLEARWATER,US,1,,24,
2025/02/20,3484.0,A,ATCT,FL,SRQ,SARASOTA/BRADENTON,US,1,,24,
2025/02/20,3507.0,A,ATCT,FL,SUA,STUART,US,1,,24,
2025/02/20,3509.1,A,ATCT-TRACON,FL,TLH,TALLAHASSEE,US,1,,24,
2025/02/20,3513.0,A,ATCT-TRACON,FL,TPA,TAMPA,US,1,D-ATIS,24,
2025/02/20,3514.0,A,ATCT,FL,MCF,TAMPA,US,1,,24,
2025/02/20,3532.0,A,ATCT,FL,TIX,TITUSVILLE,US,1,,24,
2025/02/20,3534.0,A,ATCT-A/C,FL,VPS,VALPARAISO/DESTIN-FT WALTON BEACH,US,1,,1200-0400Z++,
2025/02/20,3540.0,A,ATCT,FL,VRB,VERO BEACH,US,1,,24,
2025/02/20,3555.0,A,ATCT-TRACON,FL,PBI,WEST PALM BEACH,US,1,D-ATIS,24,
2025/02/20,3616.0,A,ATCT,GA,ABY,ALBANY,US,1,,24,
2025/02/20,3639.0,A,ATCT,GA,FTY,ATLANTA,US,1,,24,
2025/02/20,3640.0,A,ATCT,GA,ATL,ATLANTA,US,1,D-ATIS,24,404-763-7988
2025/02/20,3642.0,A,ATCT,GA,RYY,ATLANTA,US,1,,24,
2025/02/20,3643.0,A,ATCT,GA,PDK,ATLANTA,US,1,,24,
2025/02/20,3650.0,A,ATCT-TRACON,GA,AGS,AUGUSTA,US,1,,24,
2025/02/20,3728.0,A,ATCT,GA,CSG,COLUMBUS,US,1,,24,
2025/02/20,3772.2,A,ATCT,GA,EZM,EASTMAN,US,1,,24,
2025/02/20,3799.8,A,ATCT,GA,LSF,FORT MOORE (COLUMBUS),US,1,,"1230++MON-0400Z++ SAT, EXC HOLIDAYS.",
2025/02/20,3800.8,A,ATCT,GA,LHW,FORT STEWART (HINESVILLE),US,1,,"1230-0400Z++,  EXC HOL.",
2025/02/20,3869.2,A,ATCT,GA,LZU,LAWRENCEVILLE,US,1,,24,
2025/02/20,3902.0,A,ATCT,GA,MCN,MACON,US,1,,24,
2025/02/20,3910.0,A,ATCT,GA,MGE,MARIETTA,US,1,,0700-2300,
2025/02/20,3991.0,A,ATCT,GA,SVN,SAVANNAH,US,1,,"1230Z++ MON-0400Z ++ SAT, EXC HOL.",
2025/02/20,3992.0,A,ATCT-TRACON,GA,SAV,SAVANNAH,US,1,,24,
2025/02/20,4072.0,A,ATCT-A/C,GA,VAD,VALDOSTA,US,1,,SAME AS TWR,
2025/02/20,4088.0,A,ATCT,GA,WRB,WARNER ROBINS,US,1,,24,
2025/02/20,4149.0,A,ATCT-TRACON,ID,BOI,BOISE,US,1,D-ATIS,24,
2025/02/20,4206.0,A,ATCT,ID,SUN,HAILEY,US,1,,24,208-788-2108
2025/02/20,4209.0,A,ATCT,ID,IDA,IDAHO FALLS,US,1,,24,208-524-6048
2025/02/20,4268.0,A,ATCT-RAPCON,ID,MUO,MOUNTAIN HOME,US,1,,24.,
2025/02/20,4288.0,A,ATCT,ID,PIH,POCATELLO,US,1,,24,208-232-2269
2025/02/20,4372.0,A,ATCT,IL,ALN,ALTON/ST LOUIS,US,1,,24,
2025/02/20,4413.0,A,ATCT,IL,BLV,BELLEVILLE,US,1,,1200-0600Z++,
2025/02/20,4431.0,A,ATCT,IL,BMI,BLOOMINGTON/NORMAL,US,1,,24,
2025/02/20,4458.8,A,ATCT,IL,CPS,CAHOKIA/ST LOUIS,US,1,,24,
2025/02/20,4477.0,A,ATCT,IL,MDH,CARBONDALE/MURPHYSBORO,US,1,,24,
2025/02/20,4494.0,A,ATCT-TRACON,IL,CMI,CHAMPAIGN/URBANA,US,1,,24,
2025/02/20,4503.0,A,ATCT,IL,UGN,CHICAGO/WAUKEGAN,US,1,,24,
2025/02/20,4503.04,A,ATCT,IL,LOT,CHICAGO/ROMEOVILLE,US,1,D-ATIS,24,
2025/02/20,4506.0,A,ATCT,IL,ARR,CHICAGO/AURORA,US,1,,24,
2025/02/20,4507.0,A,ATCT,IL,MDW,CHICAGO,US,1,D-ATIS,24,773-581-9967
2025/02/20,4508.0,A,ATCT,IL,ORD,CHICAGO,US,1,D-ATIS,24,773-601-8921
2025/02/20,4508.1,A,ATCT,IL,PWK,CHICAGO/PROSPECT HEIGHTS/WHEELING,US,1,,24,
2025/02/20,4508.6,A,ATCT,IL,DPA,CHICAGO/WEST CHICAGO,US,1,,24,
2025/02/20,4564.0,A,ATCT,IL,DEC,DECATUR,US,1,,24,
2025/02/20,4868.0,A,ATCT-TRACON,IL,MLI,MOLINE,US,1,,24,
2025/02/20,4938.0,A,ATCT,IL,PIA,PEORIA,US,1,,24,
2025/02/20,4974.0,A,ATCT-TRACON,IL,RFD,CHICAGO/ROCKFORD,US,1,,24,
2025/02/20,5008.0,A,ATCT,IL,SPI,SPRINGFIELD,US,1,,24,
2025/02/20,5257.0,A,ATCT-TRACON,IN,EVV,EVANSVILLE,US,1,,24,
2025/02/20,5282.0,A,ATCT-TRACON,IN,FWA,FORT WAYNE,US,1,,24,
2025/02/20,5303.0,A,ATCT,IN,GYY,GARY/CHICAGO,US,1,,24,
2025/02/20,5375.0,A,ATCT-TRACON,IN,IND,INDIANAPOLIS,US,1,D-ATIS,24,
2025/02/20,5412.0,A,ATCT,IN,LAF,LAFAYETTE,US,1,,24,
2025/02/20,5511.0,A,ATCT,IN,MIE,MUNCIE,US,1,,24,
2025/02/20,5575.0,A,ATCT-RAPCON,IN,GUS,PERU,US,1,,24,DSN 338-2293
2025/02/20,5661.0,A,ATCT-TRACON,IN,SBN,SOUTH BEND,US,1,,24,
2025/02/20,5689.0,A,ATCT-TRACON,IN,HUF,TERRE HAUTE,US,1,,24,
2025/02/20,5884.0,A,ATCT-TRACON,IA,CID,CEDAR RAPIDS,US,1,,24,
2025/02/20,5950.0,A,ATCT-TRACON,IA,DSM,DES MOINES,US,1,,24,515-974-8046
2025/02/20,5957.0,A,ATCT,IA,DBQ,DUBUQUE,US,1,,24,
2025/02/20,6341.0,A,ATCT-TRACON,IA,SUX,SIOUX CITY,US,1,,24,
2025/02/20,6402.0,A,ATCT-TRACON,IA,ALO,WATERLOO,US,1,,24,
2025/02/20,6596.0,A,ATCT-A/C,KS,FRI,FORT RILEY (JUNCTION CITY),US,2,,1400-0700Z++ MON-FRI ;  1400-2200Z++ FRI EXC HOL.,
2025/02/20,6685.0,A,ATCT,KS,HUT,HUTCHINSON,US,1,,24,
2025/02/20,6811.0,A,ATCT,KS,OJC,OLATHE,US,1,,24,913-764-9272
2025/02/20,6878.0,A,ATCT,KS,SLN,SALINA,US,1,,24,
2025/02/20,6932.0,A,ATCT,KS,FOE,TOPEKA,US,1,,24,
2025/02/20,6975.4,A,ATCT-TRACON,KS,ICT,WICHITA,US,1,,24,316-350-1528
2025/02/20,6979.0,A,ATCT,KS,IAB,WICHITA,US,1,D-ATIS,24,
2025/02/20,7090.0,A,ATCT-TRACON,KY,CVG,COVINGTON,US,1,D-ATIS,24,
2025/02/20,7138.6,A,ATCT-A/C,KY,HOP,FORT CAMPBELL/HOPKINSVILLE,US,1,,24,
2025/02/20,7139.0,A,ATCT,KY,FTK,FORT KNOX,US,1,,"1100-0300Z++ MON-FRI, 1200-2000Z++ SAT-SUN EXCLD HOL.",
2025/02/20,7233.0,A,ATCT-TRACON,KY,LEX,LEXINGTON,US,1,,24,
2025/02/20,7243.0,A,ATCT-TRACON,KY,SDF,LOUISVILLE,US,1,D-ATIS,24,
2025/02/20,7244.0,A,ATCT,KY,LOU,LOUISVILLE,US,1,,24,
2025/02/20,7425.0,A,ATCT-TRACON,LA,BTR,BATON ROUGE,US,1,,24,225-354-2170
2025/02/20,7443.12,A,ATCT-RAPCON,LA,BAD,BOSSIER CITY,US,1,,24,
2025/02/20,7520.0,A,ATCT-A/C,LA,POE,FORT JOHNSON,US,1,,24,
2025/02/20,7541.0,A,ATCT,LA,HDC,HAMMOND,US,1,,24,
2025/02/20,7556.0,A,ATCT,LA,HUM,HOUMA,US,1,,24,
2025/02/20,7589.0,A,ATCT-TRACON,LA,LFT,LAFAYETTE,US,1,,24,
2025/02/20,7594.1,A,ATCT-TRACON,LA,LCH,LAKE CHARLES,US,1,,24,
2025/02/20,7594.3,A,ATCT,LA,CWF,LAKE CHARLES,US,1,,24,
2025/02/20,7658.0,A,ATCT-TRACON,LA,MLU,MONROE,US,1,,24,
2025/02/20,7673.0,A,ATCT,LA,NBG,NEW ORLEANS,US,1,,24,
2025/02/20,7675.0,A,ATCT-TRACON,LA,MSY,NEW ORLEANS,US,1,D-ATIS,24,504-471-4417
2025/02/20,7676.0,A,ATCT,LA,NEW,NEW ORLEANS,US,1,,24,
2025/02/20,7735.0,A,ATCT,LA,SHV,SHREVEPORT,US,1,,24,
2025/02/20,7825.0,A,ATCT-TRACON,ME,BGR,BANGOR,US,1,,24,207-561-2524
2025/02/20,8215.0,A,ATCT-TRACON,ME,PWM,PORTLAND,US,1,,24,207-775-1039
2025/02/20,8441.3,A,ATCT,MD,APG,ABERDEEN PROVING GROUNDS (ABERDEEN),US,1,,0600-1800 MON-FRI,
2025/02/20,8452.0,A,ATCT,MD,MTN,BALTIMORE,US,1,,24,
2025/02/20,8456.0,A,ATCT,MD,BWI,BALTIMORE,US,1,D-ATIS,24,
2025/02/20,8484.0,A,ATCT,MD,ADW,CAMP SPRINGS,US,1,D-ATIS,24,
2025/02/20,8525.0,A,ATCT,MD,ESN,EASTON,US,1,,24,
2025/02/20,8556.0,A,ATCT,MD,FDK,FREDERICK,US,1,,24,
2025/02/20,8614.0,A,ATCT-RATCF,MD,NHK,PATUXENT RIVER,US,1,,24,
2025/02/20,8750.0,A,ATCT,MA,BED,BEDFORD,US,1,,24,781-372-5509
2025/02/20,8762.0,A,ATCT,MA,BVY,BEVERLY,US,1,,24,
2025/02/20,8778.0,A,ATCT,MA,BOS,BOSTON,US,1,D-ATIS,24,617-455-3003
2025/02/20,8906.0,A,ATCT,MA,FMH,FALMOUTH,US,1,,24,508-968-6563
2025/02/20,8995.0,A,ATCT,MA,HYA,HYANNIS,US,1,,24,508-778-1143
2025/02/20,9011.0,A,ATCT,MA,LWM,LAWRENCE,US,1,,24,
2025/02/20,9110.0,A,ATCT,MA,ACK,NANTUCKET,US,1,,24,508-228-5375
2025/02/20,9112.0,A,ATCT,MA,EWB,NEW BEDFORD,US,1,,24,508-994-6277
2025/02/20,9180.0,A,ATCT,MA,OWD,NORWOOD,US,1,,24,781-769-3825
2025/02/20,9304.02,A,ATCT,MA,CEF,SPRINGFIELD/CHICOPEE,US,1,,0700-2300,
2025/02/20,9362.0,A,ATCT,MA,MVY,VINEYARD HAVEN,US,1,,24,508-693-7685
2025/02/20,9398.0,A,ATCT,MA,BAF,WESTFIELD/SPRINGFIELD,US,1,,24,413-572-4561
2025/02/20,9462.0,A,ATCT,MA,ORH,WORCESTER,US,1,,24,508-757-0962
2025/02/20,9518.0,A,ATCT-RAPCON,MI,APN,ALPENA,US,1,,24,
2025/02/20,9524.0,A,ATCT,MI,ARB,ANN ARBOR,US,1,,24,
2025/02/20,9548.0,A,ATCT,MI,BTL,BATTLE CREEK,US,1,,24,
2025/02/20,9725.0,A,ATCT,MI,DET,DETROIT,US,1,,24,
2025/02/20,9749.0,A,ATCT,MI,DTW,DETROIT,US,1,D-ATIS,24,
2025/02/20,9750.0,A,ATCT,MI,YIP,DETROIT,US,1,,24,734-961-6844
2025/02/20,9809.0,A,ATCT,MI,FNT,FLINT,US,1,,24,
2025/02/20,9852.0,A,ATCT,MI,GRR,GRAND RAPIDS,US,1,,24,
2025/02/20,9857.0,A,ATCT,MI,GOV,GRAYLING,US,1,,24 HRS,
2025/02/20,9977.0,A,ATCT,MI,JXN,JACKSON,US,1,,24,
2025/02/20,9986.0,A,ATCT-TRACON,MI,AZO,KALAMAZOO,US,1,,24,
2025/02/20,10010.0,A,ATCT,MI,LAN,LANSING,US,1,,24,
2025/02/20,10115.0,A,ATCT-RAPCON,MI,MTC,MOUNT CLEMENS,US,1,,24,
2025/02/20,10127.0,A,ATCT,MI,MKG,MUSKEGON,US,1,,24,
2025/02/20,10232.0,A,ATCT,MI,PTK,PONTIAC,US,1,,24,
2025/02/20,10299.0,A,ATCT,MI,MBS,SAGINAW,US,1,,24,
2025/02/20,10379.0,A,ATCT,MI,TVC,TRAVERSE CITY,US,1,,24,
2025/02/20,10653.0,A,ATCT-TRACON,MN,DLH,DULUTH,US,1,,24,
2025/02/20,10821.0,A,ATCT,MN,MIC,MINNEAPOLIS,US,1,,24,
2025/02/20,10824.0,A,ATCT,MN,MSP,MINNEAPOLIS,US,1,D-ATIS,24,612-726-9240
2025/02/20,10827.0,A,ATCT,MN,FCM,MINNEAPOLIS,US,1,,24,
2025/02/20,10827.2,A,ATCT,MN,ANE,MINNEAPOLIS,US,1,,24,
2025/02/20,10950.1,A,ATCT-TRACON,MN,RST,ROCHESTER,US,1,,24,
2025/02/20,10962.1,A,ATCT,MN,STC,ST CLOUD,US,1,,24,
2025/02/20,10974.0,A,ATCT,MN,STP,ST PAUL,US,1,,24,
2025/02/20,11147.0,A,ATCT,MS,BIX,BILOXI,US,1,,OPR 1400-0500++MON-FRI. 1700-2300++ SAT & SUN. CLSD HOL. UNIT TRNG ASSEMBLIES 1700-2300++,
2025/02/20,11194.51,A,ATCT,MS,GTR,COLUMBUS/W POINT/STARKVILLE,US,1,,24,
2025/02/20,11195.0,A,ATCT-RAPCON,MS,CBM,COLUMBUS,US,1,,SAME AS ATCT,
2025/02/20,11253.0,A,ATCT-TRACON,MS,GPT,GULFPORT,US,1,,24,
2025/02/20,11280.0,A,ATCT-TRACON,MS,JAN,JACKSON,US,1,,24,
2025/02/20,11339.0,A,ATCT,MS,MEI,MERIDIAN,US,1,,24,
2025/02/20,11339.1,A,ATCT-RATCF,MS,NMM,MERIDIAN,US,1,,SAME AT ATCT,
2025/02/20,11368.6,A,ATCT,MS,OLV,OLIVE BRANCH,US,1,,24,
2025/02/20,11379.01,A,ATCT,MS,PQL,PASCAGOULA,US,1,,24,
2025/02/20,11567.0,A,ATCT,MO,BBG,BRANSON,US,1,,24,
2025/02/20,11651.1,A,ATCT,MO,COU,COLUMBIA,US,1,,24,
2025/02/20,11730.0,A,ATCT,MO,TBN,FORT LEONARD WOOD,US,1,D-ATIS,24,
2025/02/20,11810.0,A,ATCT,MO,JLN,JOPLIN,US,1,,24,
2025/02/20,11816.0,A,ATCT,MO,MKC,KANSAS CITY,US,1,,24,816-329-2850
2025/02/20,11816.6,A,ATCT-TRACON,MO,MCI,KANSAS CITY,US,1,D-ATIS,24,816-329-2725
2025/02/20,11844.0,A,ATCT-RAPCON,MO,SZL,KNOB NOSTER,US,1,,OPR 24 HR FM MON 1300 THRU FRI 0500Z++; SAT-SUN 1400-2300Z++; CLSD HOL.  SEE NOTAMS FOR MOST UP TO DATE OPR HR.,
2025/02/20,12074.0,A,ATCT-RAPCON,MO,STJ,ST JOSEPH,US,1,,24,
2025/02/20,12077.0,A,ATCT,MO,STL,ST LOUIS,US,1,D-ATIS,24,314-890-4777
2025/02/20,12082.5,A,ATCT,MO,SUS,ST LOUIS,US,1,,24,636-532-3213
2025/02/20,12138.0,A,ATCT-TRACON,MO,SGF,SPRINGFIELD,US,1,,24,
2025/02/20,12265.0,A,ATCT-TRACON,MT,BIL,BILLINGS,US,1,,24,
2025/02/20,12278.0,A,ATCT,MT,BZN,BOZEMAN,US,1,,24,406-388-4767
2025/02/20,12381.0,A,ATCT-TRACON,MT,GTF,GREAT FALLS,US,1,,24,
2025/02/20,12402.0,A,ATCT-A/C,MT,HLN,HELENA,US,1,,24,
2025/02/20,12418.0,A,ATCT,MT,GPI,KALISPELL,US,1,,24,
2025/02/20,12453.0,A,ATCT,MT,MSO,MISSOULA,US,2,,24,406-549-2989
2025/02/20,12743.0,A,ATCT,NE,GRI,GRAND ISLAND,US,1,,24,
2025/02/20,12794.0,A,ATCT,NE,LNK,LINCOLN,US,1,,24,
2025/02/20,12853.1,A,ATCT,NE,OFF,OMAHA,US,1,,24,
2025/02/20,12854.0,A,ATCT,NE,OMA,OMAHA,US,1,D-ATIS,24,
2025/02/20,13057.0,A,ATCT-RATCF,NV,NFL,FALLON,US,1,,SAME AS ARPT HRS,
2025/02/20,13081.0,A,ATCT-RAPCON,NV,LSV,LAS VEGAS,US,1,,24,
2025/02/20,13082.0,A,ATCT,NV,VGT,LAS VEGAS,US,1,,24,702-631-7125
2025/02/20,13083.0,A,ATCT,NV,LAS,LAS VEGAS,US,2,D-ATIS,24,702-736-0950
2025/02/20,13083.29,A,ATCT,NV,HND,LAS VEGAS,US,1,,24,
2025/02/20,13123.0,A,ATCT,NV,RNO,RENO,US,1,D-ATIS,24,775-348-1550
2025/02/20,13317.0,A,ATCT,NH,LEB,LEBANON,US,1,,24,
2025/02/20,13332.0,A,ATCT,NH,MHT,MANCHESTER,US,1,,24,603-621-1766
2025/02/20,13350.0,A,ATCT,NH,ASH,NASHUA,US,1,,24,
2025/02/20,13386.0,A,ATCT,NH,PSM,PORTSMOUTH,US,1,,24,603-334-6070
2025/02/20,13487.0,A,ATCT-TRACON,NJ,ACY,ATLANTIC CITY,US,1,,24,609-485-4444
2025/02/20,13578.0,A,ATCT,NJ,CDW,CALDWELL,US,1,,24,
2025/02/20,13887.0,A,ATCT,NJ,NEL,LAKEHURST,US,1,,24.,
2025/02/20,14031.0,A,ATCT,NJ,MMU,MORRISTOWN,US,1,,24,
2025/02/20,14052.0,A,ATCT,NJ,EWR,NEWARK,US,1,D-ATIS,24,973-824-4417
2025/02/20,14349.0,A,ATCT,NJ,TEB,TETERBORO,US,1,D-ATIS,24,1-201-426-9510
2025/02/20,14366.0,A,ATCT,NJ,TTN,TRENTON,US,1,,24,
2025/02/20,14484.0,A,ATCT-RAPCON,NJ,WRI,WRIGHTSTOWN,US,1,D-ATIS,24,C609-754-2847
2025/02/20,14525.0,A,ATCT-RAPCON,NM,HMN,ALAMOGORDO,US,1,,0900-0630Z++ MON-FRI; 1300-0600Z++ SAT UTA WEEKEND,
2025/02/20,14528.1,A,ATCT,NM,AEG,ALBUQUERQUE,US,1,,24,
2025/02/20,14532.0,A,ATCT-TRACON,NM,ABQ,ALBUQUERQUE,US,1,D-ATIS,24,505-856-4928
2025/02/20,14577.0,A,ATCT-RAPCON,NM,CVS,CLOVIS,US,1,,SAME AS ATCT HRS,
2025/02/20,14607.0,A,ATCT,NM,FMN,FARMINGTON,US,1,,24,
2025/02/20,14621.0,A,ATCT,NM,HOB,HOBBS,US,1,,24,
2025/02/20,14719.0,A,ATCT-TRACON,NM,ROW,ROSWELL,US,1,,24,
2025/02/20,14728.0,A,ATCT,NM,SAF,SANTA FE,US,1,,24,
2025/02/20,14789.0,A,ATCT-TRACON,NY,ALB,ALBANY,US,1,D-ATIS,24,
2025/02/20,14904.0,A,ATCT-TRACON,NY,BGM,BINGHAMTON,US,1,,24,
2025/02/20,14954.0,A,ATCT-TRACON,NY,BUF,BUFFALO,US,1,D-ATIS,24,
2025/02/20,15203.0,A,ATCT-TRACON,NY,ELM,ELMIRA/CORNING,US,1,,24,
2025/02/20,15236.0,A,ATCT,NY,FRG,FARMINGDALE,US,1,,24,
2025/02/20,15488.0,A,ATCT,NY,ITH,ITHACA,US,1,,24,
2025/02/20,15752.0,A,ATCT,NY,SWF,NEW YORK,US,1,,24,845-567-9311
2025/02/20,15783.0,A,ATCT,NY,ISP,NEW YORK,US,1,,24,
2025/02/20,15793.0,A,ATCT,NY,JFK,NEW YORK,US,1,D-ATIS,24,
2025/02/20,15794.0,A,ATCT,NY,LGA,NEW YORK,US,3,D-ATIS,24,718-424-4713
2025/02/20,15800.0,A,ATCT,NY,IAG,NIAGARA FALLS,US,1,,24,
2025/02/20,15989.2,A,ATCT,NY,POU,POUGHKEEPSIE,US,1,,24,
2025/02/20,16034.0,A,ATCT-TRACON,NY,ROC,ROCHESTER,US,1,,24,
2025/02/20,16040.0,A,ATCT,NY,RME,ROME,US,1,,24,
2025/02/20,16269.0,A,ATCT-TRACON,NY,SYR,SYRACUSE,US,1,,24,315-455-3444
2025/02/20,16433.0,A,ATCT,NY,HPN,WHITE PLAINS,US,1,D-ATIS,24,914-948-0130
2025/02/20,16517.5,A,ATCT-TRACON,NC,AVL,ASHEVILLE,US,1,,24,
2025/02/20,16585.0,A,ATCT,NC,HFF,CAMP MACKALL,US,1,D-ATIS,24,
2025/02/20,16608.0,A,ATCT-TRACON,NC,CLT,CHARLOTTE,US,1,D-ATIS,24,
2025/02/20,16619.0,A,ATCT-RATCF,NC,NKT,CHERRY POINT,US,1,,24,
2025/02/20,16644.2,A,ATCT,NC,JQF,CONCORD,US,3,,24,704-785-2145
2025/02/20,16723.0,A,ATCT-TRACON,NC,FAY,FAYETTEVILLE,US,1,,24,
2025/02/20,16723.03,A,ATCT,NC,POB,FAYETTEVILLE,US,2,D-ATIS,24,
2025/02/20,16729.1,A,ATCT,NC,FBG,FORT LIBERTY,US,1,,24,
2025/02/20,16747.0,A,ATCT-RAPCON,NC,GSB,GOLDSBORO,US,1,,1200-0400Z++,
2025/02/20,16758.0,A,ATCT-TRACON,NC,GSO,GREENSBORO,US,1,D-ATIS,24,
2025/02/20,16815.0,A,ATCT-RATCF,NC,NCA,JACKSONVILLE,US,1,,24,
2025/02/20,16815.1,A,ATCT,NC,OAJ,JACKSONVILLE,US,1,,24,910 324-5233
2025/02/20,17035.0,A,ATCT-TRACON,NC,RDU,RALEIGH/DURHAM,US,1,D-ATIS,24,919-840-0486
2025/02/20,17211.0,A,ATCT-TRACON,NC,ILM,WILMINGTON,US,1,,24,
2025/02/20,17220.0,A,ATCT,NC,INT,WINSTON SALEM,US,1,,24,
2025/02/20,17265.0,A,ATCT-TRACON,ND,BIS,BISMARCK,US,1,,24,
2025/02/20,17328.0,A,ATCT-TRACON,ND,FAR,FARGO,US,1,,24,
2025/02/20,17349.1,A,ATCT,ND,GFK,GRAND FORKS,US,1,,24,
2025/02/20,17349.13,A,ATCT-RAPCON,ND,RDR,GRAND FORKS,US,1,D-ATIS,24,
2025/02/20,17417.5,A,ATCT-RAPCON,ND,MIB,MINOT,US,1,,OPR DUR LCL FLYING.,
2025/02/20,17521.0,A,ATCT,OH,CAK,AKRON,US,1,,24,
2025/02/20,17731.0,A,ATCT,OH,LUK,CINCINNATI,US,1,,24,
2025/02/20,17746.0,A,ATCT-TRACON,OH,CLE,CLEVELAND,US,1,D-ATIS,24,
2025/02/20,17756.0,A,ATCT,OH,CGF,CLEVELAND,US,2,D-ATIS,24,216-289-4113
2025/02/20,17757.0,A,ATCT,OH,BKL,CLEVELAND,US,1,,24,
2025/02/20,17786.0,A,ATCT,OH,LCK,COLUMBUS,US,1,,24,
2025/02/20,17787.0,A,ATCT,OH,OSU,COLUMBUS,US,1,,24,
2025/02/20,17788.0,A,ATCT-TRACON,OH,CMH,COLUMBUS,US,1,D-ATIS,24,
2025/02/20,17818.0,A,ATCT,OH,DAY,DAYTON,US,1,,24,
2025/02/20,17827.0,A,ATCT,OH,FFO,DAYTON,US,1,,24,
2025/02/20,18157.0,A,ATCT,OH,MFD,MANSFIELD,US,1,,24,
2025/02/20,18577.0,A,ATCT-TRACON,OH,TOL,TOLEDO,US,1,,24,
2025/02/20,18717.0,A,ATCT,OH,ILN,WILMINGTON,US,1,D-ATIS,24,
2025/02/20,18753.0,A,ATCT-TRACON,OH,YNG,YOUNGSTOWN/WARREN,US,1,,24,
2025/02/20,18780.0,A,ATCT-RAPCON,OK,LTS,ALTUS,US,1,,24,
2025/02/20,18795.0,A,ATCT,OK,ADM,ARDMORE,US,1,,24,
2025/02/20,18954.0,A,ATCT-RAPCON,OK,END,ENID,US,1,,"1300-0200Z++WKD (1 MAY-31 OCT); 1300-0100Z++WKD (1 NOV-30 APR); 2000-0000Z++ SUN, CLSD SAT & FEDERAL HOL.",
2025/02/20,19063.0,A,ATCT,OK,LAW,LAWTON,US,1,,24,
2025/02/20,19135.0,A,ATCT,OK,TIK,OKLAHOMA CITY,US,1,,1100-0400Z++,DSN 884-5152
2025/02/20,19136.0,A,ATCT-TRACON,OK,OKC,OKLAHOMA CITY,US,2,D-ATIS,24,405-686-4707
2025/02/20,19137.0,A,ATCT,OK,PWA,OKLAHOMA CITY,US,2,,24,405-798-2059
2025/02/20,19279.1,A,ATCT,OK,RVS,TULSA,US,1,,24,
2025/02/20,19283.0,A,ATCT-TRACON,OK,TUL,TULSA,US,2,D-ATIS,24,918-831-6718
2025/02/20,19356.0,A,ATCT,OR,UAO,AURORA,US,1,,24,503-678-3011
2025/02/20,19434.0,A,ATCT-TRACON,OR,EUG,EUGENE,US,1,,24,541-607-4699
2025/02/20,19481.0,A,ATCT-RAPCON,OR,LMT,KLAMATH FALLS,US,1,,24,
2025/02/20,19514.0,A,ATCT,OR,MFR,MEDFORD,US,1,,24,
2025/02/20,19571.0,A,ATCT,OR,PDX,PORTLAND,US,1,D-ATIS,24,503-493-7557
2025/02/20,19571.5,A,ATCT,OR,HIO,PORTLAND,US,1,,24,
2025/02/20,19572.0,A,ATCT,OR,TTD,PORTLAND,US,1,,24,503-492-7634
2025/02/20,19580.0,A,ATCT,OR,RDM,REDMOND,US,1,,24,541-548-1742
2025/02/20,19595.0,A,ATCT,OR,SLE,SALEM,US,1,,24,
2025/02/20,19673.0,A,ATCT-TRACON,PA,ABE,ALLENTOWN,US,1,,24,
2025/02/20,19801.0,A,ATCT,PA,BVI,BEAVER FALLS,US,1,,24,
2025/02/20,20355.0,A,ATCT,PA,ERI,ERIE,US,1,,24,
2025/02/20,20502.0,A,ATCT,PA,CXY,HARRISBURG,US,1,,24,
2025/02/20,20503.0,A,ATCT-TRACON,PA,MDT,HARRISBURG,US,1,,24,
2025/02/20,20640.0,A,ATCT-RAPCON,PA,JST,JOHNSTOWN,US,1,,24,
2025/02/20,20700.0,A,ATCT,PA,LNS,LANCASTER,US,1,,24,
2025/02/20,20724.0,A,ATCT,PA,LBE,LATROBE,US,1,,24,(724) 539-0671
2025/02/20,21217.0,A,ATCT-TRACON,PA,PHL,PHILADELPHIA,US,1,D-ATIS,24,
2025/02/20,21221.0,A,ATCT,PA,PNE,PHILADELPHIA,US,1,,24,
2025/02/20,21251.0,A,ATCT,PA,AGC,PITTSBURGH,US,1,,24,
2025/02/20,21252.0,A,ATCT-TRACON,PA,PIT,PITTSBURGH,US,1,D-ATIS,24,
2025/02/20,21329.0,A,ATCT,PA,RDG,READING,US,1,,24,
2025/02/20,21545.1,A,ATCT,PA,UNV,STATE COLLEGE,US,1,D-ATIS,24,
2025/02/20,21781.0,A,ATCT-TRACON,PA,AVP,WILKES-BARRE/SCRANTON,US,1,,24,
2025/02/20,21990.0,A,ATCT,RI,OQU,NORTH KINGSTOWN,US,1,,24,
2025/02/20,22024.0,A,ATCT-TRACON,RI,PVD,PROVIDENCE,US,1,D-ATIS,24,401-737-3215
2025/02/20,22124.0,A,ATCT-RATCF,SC,NBC,BEAUFORT,US,2,,"OPR 1200-0400Z++ MON-THU, 1200-2400Z++ FRI, 2000-2200Z++ SUN, CLSD SAT AND HOL.",
2025/02/20,22174.0,A,ATCT-TRACON,SC,CHS,CHARLESTON,US,1,D-ATIS,24,
2025/02/20,22209.0,A,ATCT-TRACON,SC,CAE,COLUMBIA,US,1,,24,
2025/02/20,22276.0,A,ATCT-TRACON,SC,FLO,FLORENCE,US,1,,24,
2025/02/20,22309.0,A,ATCT,SC,GMU,GREENVILLE,US,1,,24,
2025/02/20,22316.1,A,ATCT-TRACON,SC,GSP,GREER,US,1,,24,
2025/02/20,22328.51,A,ATCT,SC,HXD,HILTON HEAD ISLAND,US,1,,24,
2025/02/20,22444.0,A,ATCT-TRACON,SC,MYR,MYRTLE BEACH,US,1,,24,
2025/02/20,22466.0,A,ATCT,SC,CRE,NORTH MYRTLE BEACH,US,1,,24,
2025/02/20,22538.0,A,ATCT-RAPCON,SC,SSC,SUMTER,US,1,,24,
2025/02/20,22774.0,A,ATCT-RAPCON,SD,RCA,RAPID CITY,US,1,,SAME AS ATCT HRS.,
2025/02/20,22789.0,A,ATCT-TRACON,SD,FSD,SIOUX FALLS,US,1,,24,
2025/02/20,22884.0,A,ATCT-TRACON,TN,TRI,BRISTOL/JOHNSON/KINGSPORT,US,1,,24,
2025/02/20,22899.0,A,ATCT-TRACON,TN,CHA,CHATTANOOGA,US,1,,24,
2025/02/20,23046.0,A,ATCT-TRACON,TN,TYS,KNOXVILLE,US,1,,24,
2025/02/20,23097.0,A,ATCT,TN,MEM,MEMPHIS,US,1,D-ATIS,24,
2025/02/20,23121.0,A,ATCT-TRACON,TN,BNA,NASHVILLE,US,1,D-ATIS,24,
2025/02/20,23122.1,A,ATCT,TN,JWN,NASHVILLE,US,1,,24,615-350-6222
2025/02/20,23287.0,A,ATCT-TRACON,TX,ABI,ABILENE,US,2,,24,325-201-9495
2025/02/20,23328.0,A,ATCT-TRACON,TX,AMA,AMARILLO,US,1,,24,
2025/02/20,23369.0,A,ATCT-TRACON,TX,AUS,AUSTIN,US,1,D-ATIS,24,512-369-7867
2025/02/20,23369.39,A,ATCT,TX,HYI,AUSTIN,US,1,,24,512-353-8005
2025/02/20,23416.0,A,ATCT,TX,BPT,BEAUMONT/PORT ARTHUR,US,1,,24,
2025/02/20,23499.0,A,ATCT,TX,BRO,BROWNSVILLE,US,1,,24,
2025/02/20,23635.0,A,ATCT,TX,CLL,COLLEGE STATION,US,1,,24,
2025/02/20,23657.2,A,ATCT-TRACON,TX,CRP,CORPUS CHRISTI,US,1,,24,
2025/02/20,23660.0,A,ATCT,TX,NGP,CORPUS CHRISTI,US,1,,SAME AS ARPT OPERG HRS,
2025/02/20,23710.2,A,ATCT,TX,RBD,DALLAS,US,1,,24,
2025/02/20,23710.3,A,ATCT,TX,ADS,DALLAS,US,1,,24,972-628-2439
2025/02/20,23710.38,A,ATCT,TX,TKI,DALLAS,US,1,,24,
2025/02/20,23710.6,A,ATCT,TX,DFW,DALLAS-FORT WORTH,US,1,D-ATIS,24,972-615-2701
2025/02/20,23713.0,A,ATCT,TX,DAL,DALLAS,US,1,D-ATIS,24,214-358-5355
2025/02/20,23744.0,A,ATCT-RAPCON,TX,DLF,DEL RIO,US,1,,ATCT HOURS,
2025/02/20,23750.0,A,ATCT,TX,DTO,DENTON,US,1,,24,
2025/02/20,23830.0,A,ATCT-TRACON,TX,ELP,EL PASO,US,2,D-ATIS,24,915-774-9415
2025/02/20,23882.2,A,ATCT-A/C,TX,GRK,FORT CAVAZOS (KILLEEN),US,1,,24,
2025/02/20,23882.21,H,ATCT,TX,HLR,FORT CAVAZOS (KILLEEN),US,1,,"OPR 1400-0600Z++ MON-FRI EXC HOL, OT CTC ROBERT GRAY TWR 120.75 285.5",
2025/02/20,23887.0,A,ATCT,TX,FTW,FORT WORTH,US,1,,24,
2025/02/20,23895.0,A,ATCT,TX,NFW,FORT WORTH,US,1,,1300-0500Z++,
2025/02/20,23895.11,A,ATCT,TX,FWS,FORT WORTH,US,1,,24,
2025/02/20,23895.3,A,ATCT,TX,AFW,FORT WORTH,US,1,,24,
2025/02/20,23934.0,A,ATCT,TX,GTU,GEORGETOWN,US,1,,24,512-869-3430
2025/02/20,24012.0,A,ATCT,TX,HRL,HARLINGEN,US,1,,24,
2025/02/20,24067.3,A,ATCT,TX,EFD,HOUSTON,US,1,,24,713-847-4430
2025/02/20,24067.61,A,ATCT,TX,SGR,HOUSTON,US,1,,24,
2025/02/20,24071.0,A,ATCT,TX,HOU,HOUSTON,US,1,D-ATIS,24,713-847-1491
2025/02/20,24071.1,A,ATCT,TX,IAH,HOUSTON,US,1,D-ATIS,24,281-209-8665
2025/02/20,24071.2,A,ATCT,TX,TME,HOUSTON,US,2,,24,281-945-5451
2025/02/20,24072.1,A,ATCT,TX,CXO,HOUSTON,US,1,,24,
2025/02/20,24073.1,A,ATCT,TX,DWH,HOUSTON,US,1,,24,
2025/02/20,24166.0,A,ATCT-A/C,TX,NQI,KINGSVILLE,US,1,,AVBL 20 MINS PRIOR TO OPR HRS TIL COMPLETION OF OPR HRS OR CLOSURE.,
2025/02/20,24194.0,A,ATCT,TX,LRD,LAREDO,US,1,,24,
2025/02/20,24239.0,A,ATCT-TRACON,TX,GGG,LONGVIEW,US,1,,24,
2025/02/20,24245.0,A,ATCT-TRACON,TX,LBB,LUBBOCK,US,2,,24,806-766-6404
2025/02/20,24260.0,A,ATCT,TX,MFE,MC ALLEN,US,1,,24,
2025/02/20,24353.0,A,ATCT-TRACON,TX,MAF,MIDLAND,US,1,,24,
2025/02/20,24407.0,A,ATCT,TX,BAZ,NEW BRAUNFELS,US,1,,24,
2025/02/20,24446.0,A,ATCT,TX,NOG,ORANGE GROVE,US,1,,1330-2130Z++ MON-THU; 1330-1930Z++ FRI,
2025/02/20,24693.0,A,ATCT,TX,SJT,SAN ANGELO,US,1,,24,
2025/02/20,24704.0,A,ATCT,TX,SKF,SAN ANTONIO,US,1,,24 HRS.,
2025/02/20,24708.0,A,ATCT,TX,SSF,SAN ANTONIO,US,1,,24,
2025/02/20,24709.0,A,ATCT-TRACON,TX,SAT,SAN ANTONIO,US,1,D-ATIS,24,210-805-5515
2025/02/20,24780.0,A,ATCT,TX,GYI,SHERMAN/DENISON,US,1,,24,
2025/02/20,24947.0,A,ATCT,TX,TYR,TYLER,US,1,,24,
2025/02/20,24949.0,A,ATCT,TX,RND,UNIVERSAL CITY,US,1,,MON-FRI 1300-0000Z++; CLSD WEEKEND AND FEDERAL HOL.,
2025/02/20,24971.0,A,ATCT,TX,VCT,VICTORIA,US,1,,24,
2025/02/20,24976.0,A,ATCT-TRACON,TX,ACT,WACO,US,1,,24,
2025/02/20,25029.0,A,ATCT-RAPCON,TX,SPS,WICHITA FALLS,US,1,,OPR 1200-0200Z++,
2025/02/20,25233.0,A,ATCT,UT,OGD,OGDEN,US,1,,24,
2025/02/20,25269.0,A,ATCT,UT,PVU,PROVO,US,1,,24,
2025/02/20,25289.0,A,ATCT,UT,SLC,SALT LAKE CITY,US,1,D-ATIS,24,801-325-9749
2025/02/20,25385.0,A,ATCT-TRACON,VT,BTV,BURLINGTON,US,1,,24,802-657-4424
2025/02/20,25647.0,A,ATCT,VA,BKT,BLACKSTONE,US,1,,24,
2025/02/20,25666.0,A,ATCT,VA,CHO,CHARLOTTESVILLE,US,1,,24,
2025/02/20,25775.01,A,ATCT,VA,DAA,FORT BELVOIR,US,1,,SAME AS ATCT,
2025/02/20,25863.0,A,ATCT,VA,LYH,LYNCHBURG,US,1,,24,
2025/02/20,25897.0,A,ATCT,VA,PHF,NEWPORT NEWS,US,1,,24,
2025/02/20,25903.0,A,ATCT,VA,NGU,NORFOLK,US,1,,24,
2025/02/20,25905.0,A,ATCT-TRACON,VA,ORF,NORFOLK,US,1,,24,757-464-1390
2025/02/20,25959.0,A,ATCT-RATCF,VA,NYG,QUANTICO,US,1,,SAME AS ARPT OPERG HRS,
2025/02/20,25977.0,A,ATCT,VA,RIC,RICHMOND,US,1,,24,
2025/02/20,25986.0,A,ATCT-TRACON,VA,ROA,ROANOKE,US,1,,24,
2025/02/20,26043.11,A,ATCT-RATCF,VA,NTU,VIRGINIA BEACH,US,1,,0700-0000,DSN-433-2377
2025/02/20,26109.0,A,ATCT,WA,BLI,BELLINGHAM,US,1,,24,360-647-5939
2025/02/20,26210.0,A,ATCT,WA,PAE,EVERETT,US,1,,24,425-355-9797
2025/02/20,26216.0,A,ATCT,WA,GRF,FORT LEWIS/TACOMA,US,1,,24,
2025/02/20,26307.0,A,ATCT-TRACON,WA,MWH,MOSES LAKE,US,1,,24,
2025/02/20,26323.0,A,ATCT-RATCF,WA,NUW,OAK HARBOR,US,1,,24,
2025/02/20,26327.0,A,ATCT,WA,OLM,OLYMPIA,US,1,,24,
2025/02/20,26345.0,A,ATCT,WA,PSC,PASCO,US,1,,24,
2025/02/20,26381.0,A,ATCT,WA,RNT,RENTON,US,1,,24,
2025/02/20,26395.0,A,ATCT,WA,SEA,SEATTLE,US,1,D-ATIS,24,206-241-6025
2025/02/20,26396.0,A,ATCT,WA,BFI,SEATTLE,US,1,,24,206-767-4113
2025/02/20,26416.0,A,ATCT-TRACON,WA,GEG,SPOKANE,US,1,,24,509-838-0895
2025/02/20,26417.0,A,ATCT,WA,SFF,SPOKANE,US,1,,24,
2025/02/20,26419.0,A,ATCT,WA,SKA,SPOKANE,US,1,,24,
2025/02/20,26432.0,A,ATCT,WA,TCM,TACOMA,US,2,D-ATIS,24HRS.,
2025/02/20,26434.4,A,ATCT,WA,TIW,TACOMA,US,1,,24,
2025/02/20,26480.0,A,ATCT,WA,YKM,YAKIMA,US,1,,24,
2025/02/20,26575.0,A,ATCT-TRACON,WV,CRW,CHARLESTON,US,1,,24,
2025/02/20,26582.0,A,ATCT-TRACON,WV,CKB,CLARKSBURG,US,1,,24,
2025/02/20,26693.0,A,ATCT-TRACON,WV,HTS,HUNTINGTON,US,1,,24,
2025/02/20,26713.0,A,ATCT,WV,LWB,LEWISBURG,US,1,,24,
2025/02/20,26820.0,A,ATCT,WV,PKB,PARKERSBURG,US,1,,24,
2025/02/20,27013.1,A,ATCT,WI,ATW,APPLETON,US,1,,24,
2025/02/20,27170.0,A,ATCT,WI,EAU,EAU CLAIRE,US,1,,24,
2025/02/20,27234.0,A,ATCT-TRACON,WI,GRB,GREEN BAY,US,1,,24,
2025/02/20,27272.0,A,ATCT,WI,JVL,JANESVILLE,US,1,,24,
2025/02/20,27286.1,A,ATCT,WI,ENW,KENOSHA,US,1,,24,
2025/02/20,27304.0,A,ATCT,WI,LSE,LA CROSSE,US,1,,24,
2025/02/20,27346.0,A,ATCT-TRACON,WI,MSN,MADISON,US,1,,24,
2025/02/20,27386.0,A,ATCT,WI,MWC,MILWAUKEE,US,1,,24,
2025/02/20,27388.0,A,ATCT-TRACON,WI,MKE,MILWAUKEE,US,1,D-ATIS,24,
2025/02/20,27406.31,A,ATCT,WI,CWA,MOSINEE,US,1,,24,
2025/02/20,27469.0,A,ATCT,WI,OSH,OSHKOSH,US,1,,24,
2025/02/20,27661.0,A,ATCT,WI,UES,WAUKESHA,US,1,,24,
2025/02/20,27754.0,A,ATCT-TRACON,WY,CPR,CASPER,US,1,,24,
2025/02/20,27759.0,A,ATCT-RAPCON,WY,CYS,CHEYENNE,US,1,,24,
2025/02/20,27805.0,A,ATCT,WY,GUR,GUERNSEY,US,1,ATIS,24 HR.,307-836-7862
2025/02/20,27813.0,A,ATCT,WY,JAC,JACKSON,US,1,D-ATIS,24,307-201-5099
2025/02/20,50034.0,A,ATCT,AK,ANC,ANCHORAGE,US,1,D-ATIS,24,907-243-2847
2025/02/20,50035.0,A,ATCT,AK,MRI,ANCHORAGE,US,1,,24,
2025/02/20,50036.0,A,ATCT,AK,EDF,ANCHORAGE,US,1,,0700-2300,
2025/02/20,50036.5,A,ATCT,AK,FRN,FORT RICHARDSON (ANCHORAGE),US,1,,24,
2025/02/20,50037.0,A,ATCT,AK,LHD,ANCHORAGE,US,1,,24,907-245-5432
2025/02/20,50061.1,A,ATCT,AK,BET,BETHEL,US,1,,24,
2025/02/20,50146.0,A,ATCT,AK,BIG,DELTA JUNCTION FT GREELY,US,1,,24,
2025/02/20,50216.0,A,ATCT,AK,FBK,FAIRBANKS/FT WAINWRIGHT,US,1,,24,907-353-5233
2025/02/20,50217.0,A,ATCT,AK,EIL,FAIRBANKS,US,1,,1600-0800Z++,
2025/02/20,50219.0,A,ATCT-TRACON,AK,FAI,FAIRBANKS,US,1,,24,907-456-1244
2025/02/20,50385.0,A,ATCT,AK,JNU,JUNEAU,US,1,,24,
2025/02/20,50410.0,A,ATCT,AK,ENA,KENAI,US,1,,24,
2025/02/20,50416.0,A,ATCT,AK,AKN,KING SALMON,US,1,,24,
2025/02/20,50425.0,A,ATCT,AK,ADQ,KODIAK,US,1,,24,
2025/02/20,51510.0,A,ATCT,GU,GUM,GUAM,US,1,,24,
2025/02/20,51523.2,A,ATCT,MP,GSN,SAIPAN ISLAND,US,1,,24,
2025/02/20,52095.0,A,ATCT-TRACON,HI,ITO,HILO,US,1,,24,
2025/02/20,52161.0,A,ATCT-A/C,HI,HNL,HONOLULU,US,1,D-ATIS,24,
2025/02/20,52240.0,A,ATCT-A/C,HI,OGG,KAHULUI,US,1,,24,
2025/02/20,52250.2,A,ATCT,HI,KOA,KAILUA/KONA,US,1,,24,
2025/02/20,52278.0,A,ATCT-RATCF,HI,NGF,KANEOHE,US,1,,SAME AS ATCT,
2025/02/20,52282.0,A,ATCT,HI,JRF,KAPOLEI,US,1,,24,
2025/02/20,52294.0,A,ATCT,HI,MKK,KAUNAKAKAI,US,1,,24,
2025/02/20,52302.1,A,ATCT,HI,BKH,"KEKAHA,KAUAI",US,1,,"0700-1800 MON-FRI EXC HOL, OT BY OPE NEC ONLY.",
2025/02/20,52420.0,A,ATCT,HI,LIH,LIHUE,US,1,,24,
2025/02/20,52587.0,A,ATCT,HI,HHI,WAHIAWA,US,1,D-ATIS,24,808-656-1789
2025/02/20,53004.0,A,ATCT,PR,BQN,AGUADILLA,US,3,,24,
2025/02/20,53180.0,A,ATCT,PR,SIG,SAN JUAN,US,1,,24,
2025/02/20,53180.1,A,ATCT-A/C,PR,SJU,SAN JUAN,US,1,D-ATIS,24,
2025/02/20,55027.0,A,ATCT,VI,STT,CHARLOTTE AMALIE,US,1,,24,
2025/02/20,55030.0,A,ATCT,VI,STX,CHRISTIANSTED,US,1,,24,
2025/02/20,90001.0,A,ATCT,,CYXX,ABBOTSFORD,CA,1,,1500-0700Z++,1-877-517-2847
2025/02/20,90359.0,A,ATCT,,CYPK,PITT MEADOWS,CA,1,ATIS,1500-0700Z++,1-877-517-2847
2025/02/20,90730.0,A,ATCT,,MYNN,NASSAU,BS,1,,24,
2025/02/20,90780.0,A,ATCT,,TXKF,HAMILTON,BM,1,,24,
2025/02/20,90790.0,A,ATCT,,TUPJ,ROADTOWN,VG,1,,1100-0200Z UTC-4,
2025/02/20,90875.0,A,ATCT-TRACON,,TNCM,PHILIPSBURG,AN,1,,24.,
2025/02/20,90960.0,A,ATCT,,MBPV,PROVIDENCIALES,TC,1,,24,
