EFF_DATE,SITE_NO,SITE_TYPE_CODE,STATE_CODE,ARPT_ID,CITY,COUNTRY_CODE,CLASS_B_AIRSPACE,CLASS_C_AIRSPACE,CLASS_D_AIRSPACE,CLASS_E_AIRSPACE,AIRSPACE_HRS,REMARK
2025/02/20,128.0,A,AL,ANB,ANNISTON,US,,,,Y,,
2025/02/20,146.0,A,AL,AUO,AUBURN,US,,,Y,,CLASS D SVC 0700-2100 MON-FRI; 0800-1700 SAT & SUN; OTHER TIMES CLASS G,
2025/02/20,164.0,A,AL,BHM,BIRMINGHAM,US,,Y,,,,
2025/02/20,267.0,A,AL,DHN,DOTHAN,US,,,Y,Y,"CLASS D SVC 0600-2100 MON-FRI, 0800-2000 SAT-SUN; OTHER TIMES CLASS E",
2025/02/20,329.0,A,AL,OZR,FORT NOVOSEL (OZARK),US,,,Y,Y,CLASS D SVC 1200-0700Z++ MON-FRI; OTHER TIMES CLASS E,
2025/02/20,359.7,A,AL,JKA,GULF SHORES,US,,,Y,,CLASS D SVC 0700-2100; OTHER TIMES CLASS G,
2025/02/20,385.1,A,AL,HSV,HUNTSVILLE,US,,Y,,Y,CLASS C SVC 0600-0000; OTHER TIMES CLASS E,
2025/02/20,437.0,A,AL,BFM,MOBILE,US,,,Y,,"CLASS D SVC 0700-1900 SUN, 0700-2200 MON, 0330-2200 TUE-FRI, 0400-1900 SAT; OTHER TIMES CLASS G",
2025/02/20,438.0,A,AL,MOB,MOBILE,US,,Y,,Y,CLASS C SVC 0600-2300; OTHER TIMES CLASS E,
2025/02/20,446.0,A,AL,MXF,MONTGOMERY,US,,,Y,Y,"CLASS D SVC 1400-0400Z++ MON-FRI, 1600-0000Z++ SAT-SUN, CLSD FED HOL; OTHER TIMES CLASS E",
2025/02/20,447.0,A,AL,MGM,MONTGOMERY,US,,,Y,Y,CLASS D SVC 0600-2300; OTHER TIMES CLASS E,
2025/02/20,455.0,A,AL,MSL,MUSCLE SHOALS,US,,,,Y,CLASS E SVC 0600-2200; OTHER TIMES CLASS G,
2025/02/20,492.5,A,AL,HUA,REDSTONE ARSNL HUNTSVILLE,US,,,Y,,CLASS D SVC 1330-2130Z++ MON-FRI EXC HOL; OTHER TIMES CLASS G,
2025/02/20,511.0,A,AL,SEM,SELMA,US,,,Y,,"CLASS D SVC 0700-1900 MON-FRI, 0900-1700 SAT-SUN; OTHER TIMES CLASS G",
2025/02/20,546.0,A,AL,TOI,TROY,US,,,Y,,CLASS D 1400-2200Z++ MON-FRI EXC HOL; OTHER TIMES CLASS G,
2025/02/20,554.0,A,AL,TCL,TUSCALOOSA,US,,,Y,,CLASS D SVC 0700-2000; OTHER TIMES CLASS G,
2025/02/20,640.5,A,AZ,IFP,BULLHEAD CITY,US,,,Y,,CLASS D SVC 0800-1800; OTHER TIMES CLASS G,
2025/02/20,648.0,A,AZ,CHD,CHANDLER,US,,,Y,,CLASS D SVC 0600-2100; OTHER TIMES CLASS G,
2025/02/20,671.0,A,AZ,DUG,DOUGLAS BISBEE,US,,,,Y,CLASS E SVC 0600-2100; OTHER TIMES CLASS G,
2025/02/20,674.0,A,AZ,FLG,FLAGSTAFF,US,,,Y,,"CLASS D SVC 0600-2100 1 APR-30 SEP, 0700-1900 1 OCT-31 MAR; OTHER TIMES CLASS G",
2025/02/20,682.0,A,AZ,FHU,FORT HUACHUCA SIERRA VISTA,US,,,Y,,"CLASS D SVC MON 0600-SAT 0600Z EXC HOL, OTHER TIMES BY NOTAM; OTHER TIMES CLASS G.",
2025/02/20,689.0,A,AZ,GXF,GILA BEND,US,,,Y,,"CLASS D SVC 1430-0630Z MON-FRI, 1500-2359Z WKEND, CLSD HOL; OTHER TIMES CLASS G",
2025/02/20,692.21,A,AZ,GEU,GLENDALE,US,,,Y,,"CLASS D SVC 0600-2030 MON-FRI, 0700-1900 SAT-SUN; OTHER TIMES CLASS G",
2025/02/20,692.25,A,AZ,LUF,GLENDALE,US,,,Y,,"CLASS D SVC MON-THU 1330Z-0530Z, FRI 1330Z-0130Z, CLSD WEEKENDS, HOL, AND AETC FAMILY DAYS, OTHER TIMES CLASS G.",
2025/02/20,696.71,A,AZ,GYR,GOODYEAR,US,,,Y,,CLASS D SVC 0600-2100; OTHER TIMES CLASS G,
2025/02/20,700.1,A,AZ,GCN,GRAND CANYON,US,,,Y,,"CLASS D SVC 1 JUN-30 SEP 0600-2000, 1 OCT-31 MAY 0700-1900; OTHER TIMES CLASS G",
2025/02/20,729.0,A,AZ,FFZ,MESA,US,,,Y,,"CLASS D SVC MAY 15-AUG 15 1230-0400Z, AUG 16-MAY 14 1300-0400Z; OTHER TIMES CLASS G",
2025/02/20,751.4,A,AZ,DVT,PHOENIX,US,,,Y,,CLASS D SVC 0600-0000; OTHER TIMES CLASS G,
2025/02/20,753.0,A,AZ,IWA,PHOENIX,US,,,Y,,CLASS D SVC 0500-0000; OTHER TIMES CLASS G,
2025/02/20,754.0,A,AZ,PHX,PHOENIX,US,Y,,,,,
2025/02/20,763.0,A,AZ,PRC,PRESCOTT,US,,,Y,Y,CLASS D SVC 0600-2200; OTHER TIMES CLASS E,
2025/02/20,788.0,A,AZ,SDL,SCOTTSDALE,US,,,Y,,CLASS D SVC 0600-2100; OTHER TIMES CLASS G,
2025/02/20,816.0,A,AZ,TUS,TUCSON,US,,Y,,,,
2025/02/20,817.0,A,AZ,DMA,TUCSON,US,,Y,,,,
2025/02/20,818.0,A,AZ,RYN,TUCSON,US,,,Y,Y,CLASS D SVC 0600-2000; OTHER TIMES CLASS E,
2025/02/20,838.0,A,AZ,INW,WINSLOW,US,,,,Y,CLASS E SVC 0400-2300; OTHER TIMES CLASS G,
2025/02/20,841.0,A,AZ,NYL,YUMA,US,,,Y,Y,"CLASS D SVC 1430-0600Z, CLSD HOL; OTHER TIMES CLASS E",
2025/02/20,841.2,A,AZ,LGF,YUMA PROVING GROUND (YUMA),US,,,Y,,"CLASS D SVC 0600-1600 MON-FRI, CLSD HOL; OTHER TIMES CLASS G.",
2025/02/20,886.8,A,AR,VBT,BENTONVILLE,US,,,,Y,CLASS E SVC 0530-2300; OTHER TIMES CLASS G,
2025/02/20,920.0,A,AR,CCA,CLINTON,US,,,,Y,,
2025/02/20,937.75,A,AR,32A,DANVILLE,US,,,,Y,,
2025/02/20,964.0,A,AR,ELD,EL DORADO,US,,,,Y,,
2025/02/20,975.0,A,AR,FYV,FAYETTEVILLE,US,,,Y,Y,CLASS D SVC 0600-2200; OTHER TIMES CLASS E,
2025/02/20,975.01,A,AR,XNA,FAYETTEVILLE/SPRINGDALE/ROGERS,US,,Y,,,CLASS C SVC 0530-2300 OTHER TIMES CLASS G,
2025/02/20,987.0,A,AR,FSM,FORT SMITH,US,,,Y,Y,CLASS D SVC 0530-2300; OTHER TIMES CLASS E,
2025/02/20,1002.0,A,AR,HRO,HARRISON,US,,,,Y,CLASS E SVC 0600-2200; OTHER TIMES CLASS G,
2025/02/20,1023.0,A,AR,HOT,HOT SPRINGS,US,,,,Y,CLASS E SVC 0600-2200; OTHER TIMES CLASS G,
2025/02/20,1028.21,A,AR,LRF,JACKSONVILLE,US,,,Y,,CLASS D SVC CONTINUOUS,
2025/02/20,1035.0,A,AR,JBR,JONESBORO,US,,,,Y,CLASS E SVC CONTINUOUS,
2025/02/20,1056.0,A,AR,LIT,LITTLE ROCK,US,,Y,,,,
2025/02/20,1076.61,A,AR,4A5,MARSHALL,US,,,,Y,,
2025/02/20,1142.0,A,AR,PBF,PINE BLUFF,US,,,,Y,,
2025/02/20,1156.0,A,AR,ROG,ROGERS,US,,,Y,Y,"CLASS D SVC 0530-1930 MON-FRI, 0800-1900 SAT-SUN; OTHER TIMES CLASS E",
2025/02/20,1168.01,A,AR,9M8,SHERIDAN,US,,,,Y,,
2025/02/20,1176.0,A,AR,ASG,SPRINGDALE,US,,,Y,Y,CLASS D SVC 0600-2100; OTHER TIMES CLASS E,
2025/02/20,1188.0,A,AR,TXK,TEXARKANA,US,,,Y,Y,CLASS D SVC 0600-2200; OTHER TIMES CLASS E,
2025/02/20,1255.1,A,CA,ACV,ARCATA/EUREKA,US,,,,Y,,
2025/02/20,1291.0,A,CA,BFL,BAKERSFIELD,US,,,Y,Y,CLASS D SVC 0600-2300; OTHER TIMES CLASS E,
2025/02/20,1327.0,A,CA,BIH,BISHOP,US,,,,Y,,
2025/02/20,1336.0,A,CA,BLH,BLYTHE,US,,,,Y,,
2025/02/20,1353.0,A,CA,BUR,BURBANK,US,,Y,,,,
2025/02/20,1369.1,A,CA,CMA,CAMARILLO,US,,,Y,,CLASS D SVC 0700-2100; OTHER TIMES CLASS G,
2025/02/20,1376.1,A,CA,CRQ,CARLSBAD,US,,,Y,,CLASS D SVC 0700-2200; OTHER TIMES CLASS G,
2025/02/20,1395.0,A,CA,CIC,CHICO,US,,,Y,,CLASS D SVC 0700-1900; OTHER TIMES CLASS G,
2025/02/20,1397.7,A,CA,NID,CHINA LAKE,US,,,Y,,"CLASS D SVC 1530-0630Z++ MON-FRI, 2300-0100Z++ SUN, CLSD ALTN FRI, OPN 1530-2030Z++, CLSD 2030-2300Z++, OPN 2300-0100Z++ 1ST WORKING/NON-HOL FRI OF THE MONTH, SAT-SUN OPR BY PPR/LCL USE ONLY; OTHER TIMES CLASS G",
2025/02/20,1398.0,A,CA,CNO,CHINO,US,,,Y,,CLASS D SVC 0700-2100; OTHER TIMES CLASS G,
2025/02/20,1437.0,A,CA,CCR,CONCORD,US,,,Y,,CLASS D SVC 0700-2200; OTHER TIMES CLASS G,
2025/02/20,1464.0,A,CA,CEC,CRESCENT CITY,US,,,,Y,,
2025/02/20,1526.8,A,CA,EDW,EDWARDS,US,,,Y,Y,"CLASS D SVC 1400-0600Z++ MON-FRI, 1400-2200Z++ SAT, CLSD SUN AND HOL; OTHER TIMES CLASS E",
2025/02/20,1530.0,A,CA,NJK,EL CENTRO,US,,,Y,,"CLASS D SVC 1500-0700Z++ MON-THU, 1500-0200Z++ FRI; 1500-2300Z++ SAT, CLSD SUN AND HOL; OTHER TIMES CLASS G",
2025/02/20,1539.0,A,CA,EMT,EL MONTE,US,,,Y,,CLASS D SVC 0800-2000; OTHER TIMES CLASS G,
2025/02/20,1565.1,A,CA,SUU,FAIRFIELD,US,,,Y,,,
2025/02/20,1591.0,A,CA,FAT,FRESNO,US,,Y,,,,
2025/02/20,1593.0,A,CA,FUL,FULLERTON,US,,,Y,,CLASS D SVC 0700-2100; OTHER TIMES CLASS G,
2025/02/20,1647.0,A,CA,HHR,HAWTHORNE,US,,,Y,,CLASS D SVC 0600-2200; OTHER TIMES CLASS G,
2025/02/20,1651.0,A,CA,HWD,HAYWARD,US,,,Y,Y,CLASS D SVC 0700-2100; OTHER TIMES CLASS E,
2025/02/20,1683.0,A,CA,IPL,IMPERIAL,US,,,,Y,,
2025/02/20,1683.5,A,CA,NRS,IMPERIAL BEACH,US,,,Y,,"CLASS D SVC 1600-0630Z++ MON-THU (1500-0600Z++ DT), 1600-0200Z++ FRI, CLSD FROM 0200Z++ DAY PRIOR TIL 1600Z++ DAY FOLLOWING GOV HOL; OTHER TIMES CLASS G",
2025/02/20,1754.2,A,CA,WJF,LANCASTER,US,,,Y,Y,CLASS D SVC 0700-2100; OTHER TIMES CLASS E,
2025/02/20,1757.0,A,CA,POC,LA VERNE,US,,,Y,,CLASS D SVC 0700-2100; OTHER TIMES CLASS G,
2025/02/20,1767.12,A,CA,NLC,LEMOORE,US,,,Y,Y,"CLASS D SVC 1600-0800Z++ MON-FRI, 1800-0200Z++ SAT-SUN; OTHER TIMES CLASS E",
2025/02/20,1779.2,A,CA,LVK,LIVERMORE,US,,,Y,,CLASS D SVC 0700-2100; OTHER TIMES CLASS G,
2025/02/20,1788.1,A,CA,VBG,LOMPOC,US,,,Y,,"CLASS D SVC 1600-0100Z++; CLSD SAT-SUN, HOL AND OT BY NOTAM; OTHER TIMES CLASS G",
2025/02/20,1794.0,A,CA,LGB,LONG BEACH,US,,,Y,,CLASS D SVC 0615-2345; OTHER TIMES CLASS G,
2025/02/20,1796.0,A,CA,SLI,LOS ALAMITOS,US,,,Y,,"CLASS D SVC 1500-0000Z++ FRI-SUN, 1500-0600Z++ MON-THU, CLSD ALL FED HOL EXP CLOSURE OR RDCD SVC PER NOTAM; OTHER TIMES CLASS G",
2025/02/20,1818.0,A,CA,LAX,LOS ANGELES,US,Y,,Y,,,
2025/02/20,1818.1,A,CA,WHP,LOS ANGELES,US,,,Y,,CLASS D SVC 0800-2000; OTHER TIMES CLASS G,
2025/02/20,1857.0,A,CA,MMH,MAMMOTH LAKES,US,,,,Y,,
2025/02/20,1873.0,A,CA,MYV,MARYSVILLE,US,,,,Y,,
2025/02/20,1873.3,A,CA,BAB,MARYSVILLE,US,,Y,,,"CLASS C SVC 1400Z++ MON- 0600Z++ SAT AND/OR BY NOTAM, CLSD WKEND AND HOL; OTHER TIMES CLASS G ",
2025/02/20,1886.0,A,CA,MCE,MERCED,US,,,,Y,CLASS E SVC 0800-1700; OTHER TIMES CLASS G,
2025/02/20,1886.3,A,CA,MER,ATWATER,US,,,Y,,CLASS D SVC 0700-2100; OTHER TIMES CLASS G,
2025/02/20,1896.0,A,CA,MOD,MODESTO,US,,,Y,,CLASS D SVC 0700-2100; OTHER TIMES CLASS G,
2025/02/20,1899.0,A,CA,MHV,MOJAVE,US,,,Y,,CLASS D SVC 0700-1700 MON-FRI; OTHER TIMES CLASS G,
2025/02/20,1914.0,A,CA,MRY,MONTEREY,US,,Y,,Y,CLASS C SVC 0600-2100; OTHER TIMES CLASS E,
2025/02/20,1927.0,A,CA,NUQ,MOUNTAIN VIEW,US,,,Y,Y,CLASS D SVC 1500-0700Z++; OTHER TIMES CLASS E,
2025/02/20,1933.0,A,CA,APC,NAPA,US,,,Y,,CLASS D SVC 0700-2000; OTHER TIMES CLASS G,
2025/02/20,1938.0,A,CA,EED,NEEDLES,US,,,,Y,CLASS E SVC 0800-1600; OTHER TIMES CLASS G,
2025/02/20,1971.0,A,CA,OAK,OAKLAND,US,,Y,,,,
2025/02/20,1972.0,A,CA,NFG,OCEANSIDE,US,,,Y,,"CLASS D SVC 1600-0800Z MON-THU,  1600-0100Z++ FRI, CLSD SAT, SUN AND HOL; OTHER TIMES CLASS G   ",
2025/02/20,1986.0,A,CA,ONT,ONTARIO,US,,Y,,,,
2025/02/20,2001.0,A,CA,OXR,OXNARD,US,,,Y,,CLASS D SVC 0700-2100; OTHER TIMES CLASS G,
2025/02/20,2013.0,A,CA,PMD,PALMDALE,US,,,Y,,CLASS D SVC 1330-0600Z++; OTHER TIMES CLASS G,
2025/02/20,2017.0,A,CA,PSP,PALM SPRINGS,US,,,Y,,CLASS D SVC 0600-2300; OTHER TIMES CLASS G,
2025/02/20,2017.2,A,CA,TRM,PALM SPRINGS,US,,,,Y,,
2025/02/20,2022.0,A,CA,PAO,PALO ALTO,US,,,Y,,CLASS D SVC 0700-2100; OTHER TIMES CLASS G,
2025/02/20,2032.0,A,CA,PRB,PASO ROBLES,US,,,,Y,,
2025/02/20,2057.0,A,CA,NTD,OXNARD,US,,,Y,,"CLASS D SVC 1500-0700Z++, CLSD HOL; OTHER TIMES CLASS G",
2025/02/20,2078.0,A,CA,RNM,RAMONA,US,,,Y,,CLASS D SVC 0800-2000; OTHER TIMES CLASS G,
2025/02/20,2085.0,A,CA,RBL,RED BLUFF,US,,,,Y,,
2025/02/20,2089.0,A,CA,RDD,REDDING,US,,,Y,,CLASS D SVC 0630-2130; OTHER TIMES CLASS G,
2025/02/20,2112.0,A,CA,RAL,RIVERSIDE,US,,,Y,,CLASS D SVC 0700-2000; OTHER TIMES CLASS G,
2025/02/20,2115.0,A,CA,RIV,RIVERSIDE,US,,Y,Y,,"CLASS C SVC MON-FRI 1500-0700Z++, SAT-SUN 1500-0200Z++, CLSD HOL; OTHER TIMES CLASS D",
2025/02/20,2124.2,A,CA,SMF,SACRAMENTO,US,,Y,,,,
2025/02/20,2126.0,A,CA,MHR,SACRAMENTO,US,,,Y,,"CLASS D SVC MON 0500-2330, TUE-FRI 0300-2330, SAT 0300-2100, SUN 0500-2100; OTHER TIMES CLASS G",
2025/02/20,2127.0,A,CA,SAC,SACRAMENTO,US,,,Y,Y,CLASS D SVC 0600-2100; OTHER TIMES CLASS E,
2025/02/20,2128.0,A,CA,MCC,SACRAMENTO,US,,,,Y,,
2025/02/20,2137.0,A,CA,SNS,SALINAS,US,,,Y,,"CLASS D SVC 0600-1900 OCT-MAR, 0500-1900 APR-SEP; OTHER TIMES CLASS G",
2025/02/20,2154.0,A,CA,SBD,SAN BERNARDINO,US,,,Y,,CLASS D SVC 0700-2100; OTHER TIMES CLASS G,
2025/02/20,2160.1,A,CA,SQL,SAN CARLOS,US,,,Y,,CLASS D SVC 0700-2100; OTHER TIMES CLASS G,
2025/02/20,2163.0,A,CA,NUC,SAN CLEMENTE ISLAND,US,,,Y,,"CLASS D SVC 0800-1800 MON-THU, 0800-1600 FRI, CLSD SAT-SUN AND HOL; OTHER TIMES BY NOTAM; OTHER TIMES CLASS G",
2025/02/20,2165.0,A,CA,SEE,SAN DIEGO/EL CAJON,US,,,Y,,CLASS D SVC 0700-2100; OTHER TIMES CLASS G,
2025/02/20,2166.0,A,CA,MYF,SAN DIEGO,US,,,Y,,CLASS D SVC 0600-2100; OTHER TIMES CLASS G,
2025/02/20,2170.0,A,CA,SAN,SAN DIEGO,US,Y,,,,,
2025/02/20,2177.0,A,CA,NKX,SAN DIEGO,US,Y,,,,,
2025/02/20,2178.0,A,CA,NZY,SAN DIEGO,US,,,Y,,"CLASS D SVC 1430Z++ MON- 0600Z++ SAT, 1600Z++ SAT- 0600Z++ SUN, 1600Z++ SUN- 0600Z++ MON, CLSD FROM 0200Z++ DAY PRIOR TO 1430Z++ DAY FOLLOWING ALL FED HOL; OTHER TIMES CLASS G",
2025/02/20,2180.0,A,CA,SDM,SAN DIEGO,US,,,Y,,CLASS D SVC 0800-2000; OTHER TIMES CLASS G,
2025/02/20,2187.0,A,CA,SFO,SAN FRANCISCO,US,Y,,,,,
2025/02/20,2203.0,A,CA,RHV,SAN JOSE,US,,,Y,,CLASS D SVC 0700-2200; OTHER TIMES CLASS G,
2025/02/20,2204.0,A,CA,SJC,SAN JOSE,US,,Y,,Y,CLASS C SVC 0600-0000; OTHER TIMES CLASS E,
2025/02/20,2211.0,A,CA,SBP,SAN LUIS OBISPO,US,,,Y,,CLASS D SVC 0600-2000; OTHER TIMES CLASS G,
2025/02/20,2220.0,A,CA,NSI,SAN NICOLAS ISLAND,US,,,Y,,CLASS D SVC 0700-1630 MON-FRI; OTHER TIMES CLASS G,
2025/02/20,2230.0,A,CA,SNA,SANTA ANA,US,,Y,,,CLASS C SVC 0615-2300 OTHER TIMES CLASS G,
2025/02/20,2235.0,A,CA,SBA,SANTA BARBARA,US,,Y,,Y,CLASS C SVC 0600-2300; OTHER TIMES CLASS E,
2025/02/20,2251.0,A,CA,SMX,SANTA MARIA,US,,,Y,,CLASS D SVC 0600-2000; OTHER TIMES CLASS G,
2025/02/20,2253.0,A,CA,SMO,SANTA MONICA,US,,,Y,,CLASS D SVC 0700-2100; OTHER TIMES CLASS G,
2025/02/20,2260.0,A,CA,STS,SANTA ROSA,US,,,Y,,CLASS D SVC 0700-2000; OTHER TIMES CLASS G,
2025/02/20,2303.7,A,CA,TVL,SOUTH LAKE TAHOE,US,,,,Y,,
2025/02/20,2314.0,A,CA,SCK,STOCKTON,US,,,Y,Y,CLASS D SVC 0700-2100; OTHER TIMES CLASS E,
2025/02/20,2356.1,A,CA,TOA,TORRANCE,US,,,Y,,CLASS D SVC 0700-2000; OTHER TIMES CLASS G,
2025/02/20,2366.0,A,CA,TRK,TRUCKEE,US,,,Y,Y,CLASS D SVC MAR 15-APR 30 0700-1930; MAY 1-AUG 31 0700-2000; SEP 1-30 0700-1900; OCT 1-MAR 14 0700-1800; OTHER TIMES CLASS E,
2025/02/20,2383.0,A,CA,UKI,UKIAH,US,,,,Y,,
2025/02/20,2396.0,A,CA,VNY,VAN NUYS,US,,,Y,Y,CLASS D SVC 0600-2245; OTHER TIMES CLASS E,
2025/02/20,2407.0,A,CA,VCV,VICTORVILLE,US,,,Y,,CLASS D SVC 0600-2000; OTHER TIMES CLASS G,
2025/02/20,2413.0,A,CA,VIS,VISALIA,US,,,,Y,CLASS E SVC 0600-2400; OTHER TIMES CLASS G,
2025/02/20,2503.0,A,CO,AKO,AKRON,US,,,,Y,,
2025/02/20,2510.0,A,CO,ALS,ALAMOSA,US,,,,Y,"CLASS E SVC 0545-1900 MON-FRI, 0730-1900 SAT-SUN; OTHER TIMES CLASS G",
2025/02/20,2517.0,A,CO,ASE,ASPEN,US,,,Y,Y,CLASS D SVC 0700-2000; OTHER TIMES CLASS E,
2025/02/20,2517.41,A,CO,BKF,AURORA,US,,,Y,Y,"CLASS D SVC 1330-0530Z++ TUE-SAT, 1500-2300Z++ SUN-MON; OTHER TIMES CLASS E",
2025/02/20,2543.0,A,CO,COS,COLORADO SPRINGS,US,,Y,,,,
2025/02/20,2545.0,A,CO,AFF,COLORADO SPRINGS,US,,,Y,,CLASS D AIRSPACE SR-SS; OTHER TIMES CLASS G. ,
2025/02/20,2546.1,A,CO,CEZ,CORTEZ,US,,,,Y,CLASS E SVC 0600-2200 EXC HOLS; OTHER TIMES CLASS G,
2025/02/20,2569.0,A,CO,BJC,DENVER,US,,,Y,,CLASS D SVC 0600-2200; OTHER TIMES CLASS G,
2025/02/20,2572.0,A,CO,APA,DENVER,US,,,Y,,CLASS D SVC CONTINUOUS,
2025/02/20,2573.0,A,CO,DEN,DENVER,US,Y,,,,,
2025/02/20,2575.1,A,CO,CFO,DENVER,US,,,Y,,CLASS D SVC 0700-2100; OTHER TIMES CLASS G,
2025/02/20,2586.1,A,CO,DRO,DURANGO,US,,,,Y,CLASS E SVC 0600-2000; OTHER TIMES CLASS G,
2025/02/20,2588.0,A,CO,EGE,EAGLE,US,,,Y,Y,CLASS D SVC 0700-1900; OTHER TIMES CLASS E,
2025/02/20,2602.2,A,CO,FCS,FORT CARSON,US,,,Y,,"CLASS D SVC FRI-MON 1200-0600Z++, TUE-THUR 1100-0600Z++, CLSD NEW YEARS DAY, THANKSGIVING, AND CHRISTMAS; OTHER TIMES CLASS G",
2025/02/20,2603.1,A,CO,FNL,FORT COLLINS/LOVELAND,US,,,,Y,,
2025/02/20,2624.0,A,CO,GJT,GRAND JUNCTION,US,,,Y,Y,CLASS D SVC 0600-2200; OTHER TIMES CLASS E,
2025/02/20,2631.0,A,CO,GUC,GUNNISON,US,,,,Y,,
2025/02/20,2635.7,A,CO,HDN,HAYDEN,US,,,,Y,CLASS E SVC 0700-2100; OTHER TIMES CLASS G,
2025/02/20,2692.0,A,CO,MTJ,MONTROSE,US,,,,Y,CLASS E SVC 0600-2100; OTHER TIMES CLASS G,
2025/02/20,2709.0,A,CO,PUB,PUEBLO,US,,,Y,Y,CLASS D SVC 0600-2200; OTHER TIMES CLASS E,
2025/02/20,2711.0,A,CO,RIL,RIFLE,US,,,,Y,,
2025/02/20,2744.0,A,CO,TAD,TRINIDAD,US,,,,Y,,
2025/02/20,2785.0,A,CT,BDR,BRIDGEPORT,US,,,Y,,CLASS D SVC 0630-2200; OTHER TIMES CLASS G,
2025/02/20,2802.0,A,CT,DXR,DANBURY,US,,,Y,,CLASS D SVC 0700-2200; OTHER TIMES CLASS G,
2025/02/20,2823.0,A,CT,GON,GROTON (NEW LONDON),US,,,Y,,CLASS D SVC 0700-2200; OTHER TIMES CLASS G,
2025/02/20,2827.0,A,CT,HFD,HARTFORD,US,,,Y,,CLASS D SVC 0600-2400; OTHER TIMES CLASS G,
2025/02/20,2858.0,A,CT,HVN,NEW HAVEN,US,,,Y,,CLASS D SVC 0600-2200; OTHER TIMES CLASS G,
2025/02/20,2870.3,A,CT,OXC,OXFORD,US,,,Y,,CLASS D SVC 0600-2100; OTHER TIMES CLASS G,
2025/02/20,2913.5,H,CT,JSD,STRATFORD,US,,,Y,,"CLASS D SVC 0800-SS MON-FRI, 0800-SS SAT-SUN AS REQUIRED; OTHER TIMES CLASS G",
2025/02/20,2946.0,A,CT,BDL,WINDSOR LOCKS,US,,Y,,,,
2025/02/20,2967.0,A,DE,DOV,DOVER,US,,,Y,,,
2025/02/20,2999.0,A,DE,ILG,WILMINGTON,US,,,Y,Y,CLASS D SVC 0630-2300; OTHER TIMES CLASS E,
2025/02/20,3001.0,A,DC,DCA,WASHINGTON,US,Y,,,,,
2025/02/20,3002.0,A,DC,IAD,WASHINGTON,US,Y,,,,,
2025/02/20,3003.0,A,DC,HEF,WASHINGTON,US,,,Y,Y,CLASS D SVC 0630-2230; OTHER TIMES CLASS E,
2025/02/20,3052.0,A,FL,BOW,BARTOW,US,,,Y,,CLASS D SVC 0730-1730; OTHER TIMES CLASS G,
2025/02/20,3060.0,A,FL,BCT,BOCA RATON,US,,,Y,,CLASS D SVC 0700-2300; OTHER TIMES CLASS G,
2025/02/20,3083.0,A,FL,BKV,BROOKSVILLE,US,,,Y,,CLASS D SVC 0700-2200; OTHER TIMES CLASS G,
2025/02/20,3121.0,A,FL,COF,COCOA BEACH,US,,,Y,,"CLASS D SVC 1300-0500Z++MON-FRI, CLSD HOL, AIRFIELD CLSD THIRD FRI OF MONTH; OTHER TIMES CLASS G",
2025/02/20,3121.12,A,FL,XMR,COCOA BEACH,US,,,Y,,CLASS D SVC BY NOTAM; OTHER TIMES CLASS G,
2025/02/20,3128.1,A,FL,CEW,CRESTVIEW,US,,,,Y,CLASS E SVC 0600-2200; OTHER TIMES CLASS G,
2025/02/20,3147.0,A,FL,DAB,DAYTONA BEACH,US,,Y,,,,
2025/02/20,3157.0,A,FL,DTS,DESTIN,US,,,Y,,CLASS D SVC 0600-2200; OTHER TIMES CLASS E.,
2025/02/20,3192.0,A,FL,FLL,FORT LAUDERDALE,US,,Y,,,,
2025/02/20,3194.0,A,FL,FXE,FORT LAUDERDALE,US,,,Y,,,
2025/02/20,3198.0,A,FL,FMY,FORT MYERS,US,,,Y,,CLASS D SVC 0700-2200; OTHER TIMES CLASS G,
2025/02/20,3198.2,A,FL,RSW,FORT MYERS,US,,Y,,Y,CLASS C SVC 0600-0000 CTC APP CON; OTHER TIMES CLASS E,
2025/02/20,3202.0,A,FL,FPR,FORT PIERCE,US,,,Y,,CLASS D SVC 0700-2100; OTHER TIMES CLASS G,
2025/02/20,3210.0,A,FL,GNV,GAINESVILLE,US,,,Y,Y,CLASS D SVC 0645-2230; OTHER TIMES CLASS E,
2025/02/20,3236.0,A,FL,HWO,HOLLYWOOD,US,,,Y,,CLASS D SVC 0700-2100; OTHER TIMES CLASS G,
2025/02/20,3242.0,A,FL,HST,HOMESTEAD,US,,,Y,,CLASS D SVC 24 HRS,
2025/02/20,3250.1,A,FL,JAX,JACKSONVILLE,US,,Y,,,,
2025/02/20,3250.3,A,FL,VQQ,JACKSONVILLE,US,,,Y,,"CLASS D SVC 0700-2300 MON-FRI, 0700-2100 SAT-SUN; OTHER TIMES CLASS G",
2025/02/20,3251.0,A,FL,CRG,JACKSONVILLE,US,,,Y,,"CLASS D SVC 0600-2300 MON-FRI, 0700-2200 SAT-SUN; OTHER TIMES CLASS G",
2025/02/20,3253.0,A,FL,NIP,JACKSONVILLE,US,,,Y,,,
2025/02/20,3254.0,A,FL,NEN,JACKSONVILLE,US,,,Y,,CLASS D SVC ATCT MANNED DURING SCHEDULED OPERATIONS ONLY; OTHER TIMES CLASS G,
2025/02/20,3258.721,A,FL,06FA,JUPITER,US,,,Y,,CLASS D SVC 0800-1600 MON-FRI; OTHER TIMES CLASS G,
2025/02/20,3260.8,A,FL,07FA,KEY LARGO,US,,,,Y,CLASS E SVC 0700-2300; OTHER TIMES CLASS G,
2025/02/20,3263.0,A,FL,EYW,KEY WEST,US,,,Y,,CLASS D SVC 0700-2100; OTHER TIMES CLASS G,
2025/02/20,3264.0,A,FL,NQX,KEY WEST,US,,,Y,,"CLASS D SVC 1200-0300Z++, OTHER TIMES BY NOTAM; OTHER TIMES CLASS G",
2025/02/20,3279.0,A,FL,LCQ,LAKE CITY,US,,,Y,Y,CLASS D SVC 0800-1630 MON-FRI; OTHER TIMES CLASS E,
2025/02/20,3283.0,A,FL,LAL,LAKELAND,US,,,Y,,,
2025/02/20,3298.0,A,FL,LEE,LEESBURG,US,,,Y,,CLASS D SVC 0700-1900; OTHER TIMES CLASS G,
2025/02/20,3319.5,A,FL,HRT,MARY ESTHER,US,,,Y,,CLASS D SVC CONTINUOUS,
2025/02/20,3320.0,A,FL,NRB,MAYPORT,US,,,Y,,"CLASS D SVC 1300-0400Z++ (DT 1200-0400Z++) MON-THU, 1300-2300Z++ FRI, CLSD SAT, SUN, HOL; OTHER TIMES CLASS G",
2025/02/20,3321.0,A,FL,MLB,MELBOURNE,US,,,Y,,CLASS D SVC 0600-2400; OTHER TIMES CLASS G,
2025/02/20,3325.1,A,FL,TMB,MIAMI,US,,,Y,Y,CLASS D SVC 0700-2300; OTHER TIMES CLASS E,
2025/02/20,3326.0,A,FL,TNT,MIAMI,US,,,,Y,"CLASS E SVC 0700-1800 MON-FRI, 0700-1230 SAT-SUN; OTHER TIMES CLASS G",
2025/02/20,3333.0,A,FL,MIA,MIAMI,US,Y,,,,,
2025/02/20,3339.0,A,FL,OPF,MIAMI,US,,,Y,,CLASS D SVC 0700-2300; OTHER TIMES CLASS G,
2025/02/20,3352.0,A,FL,NDZ,MILTON,US,,Y,,,CLASS C SVC 1400-0500Z++ MON-THU; 1500-0500Z++ FRI; 0000-0400Z++ SUN; CLSD SAT & HOL OR NOTAM; OTR TIMES CLASS G.,
2025/02/20,3352.01,A,FL,NSE,MILTON,US,,Y,,,CLASS C SVC 1245-0445Z++ MON-FRI; CLSD SAT-SUN & HOL OR NOTAM; OTR TIMES CLASS G.,
2025/02/20,3379.0,A,FL,APF,NAPLES,US,,,Y,,CLASS D SVC 0600-2200; OTHER TIMES CLASS G,
2025/02/20,3387.0,A,FL,EVB,NEW SMYRNA BEACH,US,,,Y,,CLASS D SVC 0700-2200; OTHER TIMES CLASS G,
2025/02/20,3394.0,A,FL,OCF,OCALA,US,,,Y,Y,CLASS D 0700-2000; OTHER TIMES CLASS E,
2025/02/20,3407.0,A,FL,MCO,ORLANDO,US,Y,,,,,
2025/02/20,3407.1,A,FL,SFB,ORLANDO,US,,Y,,,CLASS C SVC 0630-2300; OTHER TIMES CLASS G,
2025/02/20,3407.2,A,FL,ISM,ORLANDO,US,,,Y,,CLASS D SVC 0700-2200; OTHER TIMES CLASS G,
2025/02/20,3408.0,A,FL,ORL,ORLANDO,US,,,Y,Y,CLASS D SVC 0700-2200; OTHER TIMES CLASS E,
2025/02/20,3411.0,A,FL,OMN,ORMOND BEACH,US,,,Y,,CLASS D SVC 0700-1900; OTHER TIMES CLASS G,
2025/02/20,3423.3,A,FL,FIN,PALM COAST,US,,,Y,,CLASS D SVC 0600-2000; OTHER TIMES CLASS G,
2025/02/20,3430.0,A,FL,PAM,PANAMA CITY,US,,,Y,Y,"CLASS D SVC 1200-2200Z++ MON-FRI, CLSD WKENDS, HOL, AND ACC DOWN DAYS; OTHER TIMES CLASS E",
2025/02/20,3430.3,A,FL,ECP,PANAMA CITY,US,,,Y,,CLASS D SVC 0600-2200; OTHER TIMES CLASS G,
2025/02/20,3435.0,A,FL,PNS,PENSACOLA,US,,Y,,Y,CLASS C SVC 0530-2300; OTHER TIMES CLASS E,
2025/02/20,3435.5,A,FL,NPA,PENSACOLA,US,,Y,,,"CLASS C SVC 1300-0300Z++ MON-FRI, CLSD SAT, 2100-0230Z++ SUN, HOL BY NOTAM; OTHER TIMES CLASS G",
2025/02/20,3451.0,A,FL,PMP,POMPANO BEACH,US,,,Y,,CLASS D SVC 0700-2100; OTHER TIMES CLASS G,
2025/02/20,3455.0,A,FL,PGD,PUNTA GORDA,US,,,Y,Y,CLASS D SVC 0600-2100; OTHER TIMES CLASS E,
2025/02/20,3468.0,A,FL,SGJ,ST AUGUSTINE,US,,,Y,,CLASS D SVC 0700-2100; OTHER TIMES CLASS G,
2025/02/20,3474.0,A,FL,SPG,ST PETERSBURG,US,,,Y,,CLASS D SVC 0700-2100; OTHER TIMES CLASS G,
2025/02/20,3475.0,A,FL,PIE,ST PETERSBURG-CLEARWATER,US,,,Y,Y,CLASS D SVC 0600-2300; OTHER TIMES CLASS E,
2025/02/20,3484.0,A,FL,SRQ,SARASOTA/BRADENTON,US,,Y,,,CLASS C SVC (PER TWR/NOTAM 0600-2400) OTHER TIMES CLASS G,
2025/02/20,3507.0,A,FL,SUA,STUART,US,,,Y,,CLASS D SVC 0700-2200; OTHER TIMES CLASS G,
2025/02/20,3509.1,A,FL,TLH,TALLAHASSEE,US,,Y,,Y,CLASS C SVC PER TWR/NOTAM 0600-2300; OTHER TIMES CLASS E,
2025/02/20,3513.0,A,FL,TPA,TAMPA,US,Y,,,,,
2025/02/20,3514.0,A,FL,MCF,TAMPA,US,,,Y,,CLASS D SVC CONTINUOUS,
2025/02/20,3531.3,A,FL,TTS,TITUSVILLE,US,,,Y,,CLASS D SVC 0800-1700 MON-FRI EXC HOL; OTHER TIMES CLASS G,
2025/02/20,3532.0,A,FL,TIX,TITUSVILLE,US,,,Y,,CLASS D SVC 0700-2100; OTHER TIMES CLASS G,
2025/02/20,3534.0,A,FL,VPS,VALPARAISO/DESTIN-FT WALTON BEACH,US,,,Y,,,
2025/02/20,3535.03,A,FL,EGI,CRESTVIEW,US,,,Y,,"CLASS D SVC 1445-0600Z++ MON-FRI, EXC HOL, OTHER TIMES SEE FAR PART 93.83 SPECIAL AIR TRAFFIC RULES; OTHER TIMES CLASS G",
2025/02/20,3540.0,A,FL,VRB,VERO BEACH,US,,,Y,Y,CLASS D SVC 0700-2300; OTHER TIMES CLASS E,
2025/02/20,3555.0,A,FL,PBI,WEST PALM BEACH,US,,Y,,,,
2025/02/20,3616.0,A,GA,ABY,ALBANY,US,,,Y,Y,CLASS D SVC 0800-2000; OTHER TIMES CLASS E,
2025/02/20,3619.0,A,GA,AMG,ALMA,US,,,,Y,CLASS E SVC 0600-2200; OTHER TIMES CLASS G,
2025/02/20,3637.0,A,GA,AHN,ATHENS,US,,,Y,Y,CLASS D SVC 0800-2000; OTHER TIMES CLASS E,
2025/02/20,3639.0,A,GA,FTY,ATLANTA,US,,,Y,,,
2025/02/20,3640.0,A,GA,ATL,ATLANTA,US,Y,,,,,
2025/02/20,3642.0,A,GA,RYY,ATLANTA,US,,,Y,,CLASS D SVC 0700-2300; OTHER TIMES CLASS G,
2025/02/20,3643.0,A,GA,PDK,ATLANTA,US,,,Y,Y,"CLASS D SVC 0630-2300 MON-FRI, 0700-2300 SAT-SUN; OTHER TIMES CLASS E",
2025/02/20,3650.0,A,GA,AGS,AUGUSTA,US,,,Y,Y,CLASS D SVC 0645-2300; OTHER TIMES CLASS E,
2025/02/20,3683.0,A,GA,BQK,BRUNSWICK,US,,,,Y,,
2025/02/20,3728.0,A,GA,CSG,COLUMBUS,US,,,Y,Y,CLASS D SVC 0900-2100; OTHER TIMES CLASS E,
2025/02/20,3750.01,A,GA,PUJ,ATLANTA,US,,,,Y,,
2025/02/20,3772.2,A,GA,EZM,EASTMAN,US,,,Y,,"CLASS D SVC MON-THU 0600-1500, FRI 0700-1100; OTHER TIMES CLASS G",
2025/02/20,3799.8,A,GA,LSF,FORT MOORE (COLUMBUS),US,,,Y,Y,"CLASS D SVC 1230++MON-0400Z++ SAT, EXC HOL; OTHER TIMES CLASS E",
2025/02/20,3800.8,A,GA,LHW,FORT STEWART (HINESVILLE),US,,,Y,,"CLASS D SVC 1230-0400Z++ MON-FRI, EXC HOL; OTHER TIMES CLASS G",
2025/02/20,3869.2,A,GA,LZU,LAWRENCEVILLE,US,,,Y,,CLASS D SVC 0700-2100; OTHER TIMES CLASS G,
2025/02/20,3902.0,A,GA,MCN,MACON,US,,,Y,Y,CLASS D SVC 0800-2000; OTHER TIMES CLASS E,
2025/02/20,3910.0,A,GA,MGE,MARIETTA,US,,,Y,,CLASS D SVC 1200-0400Z++; OTHER TIMES CLASS G,
2025/02/20,3991.0,A,GA,SVN,SAVANNAH,US,,,Y,Y,"CLASS D SVC 1230Z++ MON- 0400Z++ SAT, EXC HOL; OTHER TIMES CLASS E ",
2025/02/20,3992.0,A,GA,SAV,SAVANNAH,US,,Y,,Y,CLASS C SVC 0600-0000 OTHER TIMES CLASS E,
2025/02/20,4024.19,A,GA,SSI,ST SIMONS ISLAND,US,,,,Y,,
2025/02/20,4071.0,A,GA,VLD,VALDOSTA,US,,,Y,,CLASS D SVC 0700-2200; OTHER TIMES CLASS G,
2025/02/20,4072.0,A,GA,VAD,VALDOSTA,US,,,Y,Y,"CLASS D SVC 1300-0600Z++ MON-THU,  1300-0000Z++ FRI, CLSD SAT, SUN, HOL, AND ACC FAMILY DAYS; OTHER TIMES CLASS E",
2025/02/20,4088.0,A,GA,WRB,WARNER ROBINS,US,,,Y,,,
2025/02/20,4095.0,A,GA,AYS,WAYCROSS,US,,,,Y,,
2025/02/20,4149.0,A,ID,BOI,BOISE,US,,Y,,,,
2025/02/20,4158.0,A,ID,BYI,BURLEY,US,,,,Y,,
2025/02/20,4177.0,A,ID,COE,COEUR D'ALENE,US,,,,Y,,
2025/02/20,4206.0,A,ID,SUN,HAILEY,US,,,Y,Y,CLASS D SVC 0700-2300; OTHER TIMES CLASS E,
2025/02/20,4209.0,A,ID,IDA,IDAHO FALLS,US,,,Y,Y,CLASS D SVC 0700-2000; OTHER TIMES CLASS E,
2025/02/20,4234.0,A,ID,LWS,LEWISTON,US,,,Y,Y,CLASS D SVC 0600-2200; OTHER TIMES CLASS E,
2025/02/20,4268.0,A,ID,MUO,MOUNTAIN HOME,US,,,Y,Y,"CLASS D SVC 1400-0700Z++ MON-THU, 1400-0100Z++ FRI, 1500-2300Z++ SAT-SUN, CLSD HOL; OTHER TIMES CLASS E",
2025/02/20,4288.0,A,ID,PIH,POCATELLO,US,,,Y,Y,CLASS D SVC 0600-2200; OTHER TIMES CLASS E,
2025/02/20,4344.1,A,ID,TWF,TWIN FALLS,US,,,Y,Y,CLASS D SVC 0600-2100; OTHER TIMES CLASS E,
2025/02/20,4372.0,A,IL,ALN,ALTON/ST LOUIS,US,,,Y,,CLASS D SVC 0700-2200; OTHER TIMES CLASS G,
2025/02/20,4413.0,A,IL,BLV,BELLEVILLE,US,,,Y,,CLASS D SVC 24 HRS; OTHER TIMES CLASS G,
2025/02/20,4431.0,A,IL,BMI,BLOOMINGTON/NORMAL,US,,,Y,,CLASS D SVC 0600-2200; OTHER TIMES CLASS G,
2025/02/20,4458.8,A,IL,CPS,CAHOKIA/ST LOUIS,US,,,Y,,CLASS D SVC 0630-2200; OTHER TIMES CLASS G,
2025/02/20,4477.0,A,IL,MDH,CARBONDALE/MURPHYSBORO,US,,,Y,,CLASS D SVC 0700-2100; OTHER TIMES CLASS G,
2025/02/20,4494.0,A,IL,CMI,CHAMPAIGN/URBANA,US,,Y,,,CLASS C SVC 0600-2300 OTHER TIMES CLASS G,
2025/02/20,4503.0,A,IL,UGN,CHICAGO/WAUKEGAN,US,,,Y,Y,CLASS D SVC 0600-2000; OTHER TIMES CLASS E,
2025/02/20,4503.04,A,IL,LOT,CHICAGO/ROMEOVILLE,US,,,Y,,CLASS D SVC 0600-2000; OTHER TIMES CLASS G,
2025/02/20,4506.0,A,IL,ARR,CHICAGO/AURORA,US,,,Y,,CLASS D SVC 0700-2100; OTHER TIMES CLASS G,
2025/02/20,4507.0,A,IL,MDW,CHICAGO,US,,Y,,,,
2025/02/20,4508.0,A,IL,ORD,CHICAGO,US,Y,,,,,
2025/02/20,4508.1,A,IL,PWK,CHICAGO/PROSPECT HEIGHTS/WHEELING,US,,,Y,Y,"CLASS D SVC 0600-2200 MON-FRI, 0700-2200 SAT-SUN; OTHER TIMES CLASS E",
2025/02/20,4508.6,A,IL,DPA,CHICAGO/WEST CHICAGO,US,,,Y,,,
2025/02/20,4564.0,A,IL,DEC,DECATUR,US,,,Y,,CLASS D SVC 0600-2200; OTHER TIMES CLASS G,
2025/02/20,4667.1,A,IL,GBG,GALESBURG,US,,,,Y,CLASS E SVC 0530-2230; OTHER TIMES CLASS G,
2025/02/20,4850.0,A,IL,MWA,MARION,US,,,Y,,CLASS D SVC 0700-1900; OTHER TIMES CLASS G,
2025/02/20,4868.0,A,IL,MLI,MOLINE,US,,Y,,Y,CLASS C SVC 0530-2230; OTHER TIMES CLASS E,
2025/02/20,4891.0,A,IL,MVN,MOUNT VERNON,US,,,,Y,,
2025/02/20,4938.0,A,IL,PIA,PEORIA,US,,Y,,,,
2025/02/20,4958.0,A,IL,UIN,QUINCY,US,,,,Y,CLASS E SVC OPERATIONAL BY NOTAM; OTHER TIMES CLASS G,
2025/02/20,4974.0,A,IL,RFD,CHICAGO/ROCKFORD,US,,,Y,,,
2025/02/20,5008.0,A,IL,SPI,SPRINGFIELD,US,,Y,,Y,CLASS C SVC 0600-2200; OTHER TIMES CLASS E,
2025/02/20,5090.1,A,IN,AID,ANDERSON,US,,,Y,,CLASS D SVC 0830-1630 MON-SAT; OTHER TIMES CLASS G,
2025/02/20,5126.0,A,IN,BMG,BLOOMINGTON,US,,,Y,,CLASS D SVC 0630-2130; OTHER TIMES CLASS G,
2025/02/20,5192.0,A,IN,BAK,COLUMBUS,US,,,Y,,CLASS D SVC 0630-2200; OTHER TIMES CLASS G,
2025/02/20,5248.0,A,IN,EKM,ELKHART,US,,,Y,,"CLASS D SVC 0700-2100 MON-FRI, 0800-1800 SAT-SUN; OTHER TIMES CLASS G",
2025/02/20,5257.0,A,IN,EVV,EVANSVILLE,US,,Y,,,CLASS C SVC 0600-2300; OTHER TIMES CLASS G,
2025/02/20,5282.0,A,IN,FWA,FORT WAYNE,US,,Y,,,,
2025/02/20,5303.0,A,IN,GYY,GARY/CHICAGO,US,,,Y,,CLASS D SVC 0500-2200; OTHER TIMES CLASS G,
2025/02/20,5375.0,A,IN,IND,INDIANAPOLIS,US,,Y,,,,
2025/02/20,5412.0,A,IN,LAF,LAFAYETTE,US,,,Y,Y,CLASS D SVC 0700-2100; OTHER TIMES CLASS E,
2025/02/20,5511.0,A,IN,MIE,MUNCIE,US,,,Y,,CLASS D SVC 0600-2200; OTHER TIMES CLASS G,
2025/02/20,5575.0,A,IN,GUS,PERU,US,,,Y,,"CLASS D SVC 1230-0400Z++, CLSD FED HOL; OTHER TIMES CLASS G",
2025/02/20,5661.0,A,IN,SBN,SOUTH BEND,US,,Y,,Y,CLASS C SVC 0530-0000 SUN-FRI 0530-2345 SAT; OTHER TIMES CLASS E,
2025/02/20,5689.0,A,IN,HUF,TERRE HAUTE,US,,,Y,,,
2025/02/20,5829.0,A,IA,AMW,AMES,US,,,,Y,,
2025/02/20,5835.1,A,IA,IKV,ANKENY,US,,,,Y,,
2025/02/20,5871.0,A,IA,BRL,BURLINGTON,US,,,,Y,,
2025/02/20,5884.0,A,IA,CID,CEDAR RAPIDS,US,,Y,,Y,CLASS C SVC 0500-2330 OTHER TIMES CLASS E,
2025/02/20,5915.0,A,IA,CWI,CLINTON,US,,,,Y,CLASS E SVC 0530-2230; OTHER TIMES CLASS G,
2025/02/20,5941.2,A,IA,DVN,DAVENPORT,US,,,,Y,CLASS E SVC 0530-2230; OTHER TIMES CLASS G,
2025/02/20,5950.0,A,IA,DSM,DES MOINES,US,,Y,,,,
2025/02/20,5957.0,A,IA,DBQ,DUBUQUE,US,,,Y,,CLASS D SVC 0600-2200; OTHER TIMES CLASS G,
2025/02/20,5999.0,A,IA,FOD,FORT DODGE,US,,,,Y,"CLASS E SVC 0500-1900 MON-SAT, 1200-1900 SUN; OTHER TIMES CLASS G",
2025/02/20,6164.0,A,IA,MCW,MASON CITY,US,,,,Y,,
2025/02/20,6199.0,A,IA,MUT,MUSCATINE,US,,,,Y,CLASS E SVC 0530-2230; OTHER TIMES CLASS G,
2025/02/20,6221.1,A,IA,TNU,NEWTON,US,,,,Y,,
2025/02/20,6258.0,A,IA,OTM,OTTUMWA,US,,,,Y,,
2025/02/20,6341.0,A,IA,SUX,SIOUX CITY,US,,,Y,Y,CLASS D SVC 0600-2130; OTHER TIMES CLASS E,
2025/02/20,6348.0,A,IA,SPW,SPENCER,US,,,,Y,,
2025/02/20,6357.0,A,IA,SLB,STORM LAKE,US,,,,Y,,
2025/02/20,6402.0,A,IA,ALO,WATERLOO,US,,,Y,Y,CLASS D SVC 0600-2000; OTHER TIMES CLASS E,
2025/02/20,6519.0,A,KS,CNU,CHANUTE,US,,,,Y,CLASS E SVC 0600-2200; OTHER TIMES CLASS G,
2025/02/20,6545.1,A,KS,3K8,COLDWATER,US,,,,Y,,
2025/02/20,6557.0,A,KS,DDC,DODGE CITY,US,,,,Y,,
2025/02/20,6580.0,A,KS,EMP,EMPORIA,US,,,,Y,CLASS E SVC 0600-2200; OTHER TIMES CLASS G,
2025/02/20,6596.0,A,KS,FRI,FORT RILEY (JUNCTION CITY),US,,,Y,Y,"CLASS D SVC 1400-0700Z++ MON-THU, 1400-2200Z++ FRI, EXC HOLS; OTHER TIMES CLASS E ",
2025/02/20,6621.0,A,KS,GCK,GARDEN CITY,US,,,Y,Y,CLASS D SVC 0700-2100; OTHER TIMES CLASS E,
2025/02/20,6632.0,A,KS,GLD,GOODLAND,US,,,,Y,,
2025/02/20,6650.1,A,KS,HYS,HAYS,US,,,,Y,,
2025/02/20,6685.0,A,KS,HUT,HUTCHINSON,US,,,Y,Y,CLASS D SVC 0600-2200; OTHER TIMES CLASS E,
2025/02/20,6721.0,A,KS,LWC,LAWRENCE,US,,,,Y,,
2025/02/20,6729.0,A,KS,LBL,LIBERAL,US,,,,Y,CLASS E SVC 0600-2100; OTHER TIMES CLASS G,
2025/02/20,6748.0,A,KS,MHK,MANHATTAN,US,,,Y,Y,CLASS D SVC 0600-2200; OTHER TIMES CLASS E,
2025/02/20,6794.0,A,KS,EWK,NEWTON,US,,,,Y,,
2025/02/20,6809.0,A,KS,IXD,OLATHE,US,,,Y,,CLASS D SVC 0600-2200; OTHER TIMES CLASS G,
2025/02/20,6811.0,A,KS,OJC,OLATHE,US,,,Y,,CLASS D SVC 0700-2100; OTHER TIMES CLASS G,
2025/02/20,6878.0,A,KS,SLN,SALINA,US,,,Y,Y,CLASS D SVC 0700-2300; OTHER TIMES CLASS E,
2025/02/20,6931.0,A,KS,TOP,TOPEKA,US,,,Y,Y,CLASS D SVC 0700-1900; OTHER TIMES CLASS E,
2025/02/20,6932.0,A,KS,FOE,TOPEKA,US,,,Y,Y,CLASS D SVC 0545-2200; OTHER TIMES CLASS E,
2025/02/20,6948.51,A,KS,0H1,WAKEENEY,US,,,,Y,,
2025/02/20,6973.0,A,KS,BEC,WICHITA,US,,,Y,Y,"CLASS D SVC 0700-1730 MON-FRI, OTHER TIMES BY NOTAM; OTHER TIMES CLASS E",
2025/02/20,6975.4,A,KS,ICT,WICHITA,US,,Y,,,,
2025/02/20,6976.0,A,KS,AAO,WICHITA,US,,,,Y,,
2025/02/20,6979.0,A,KS,IAB,WICHITA,US,,,Y,,,
2025/02/20,7055.0,A,KY,BWG,BOWLING GREEN,US,,,,Y,,
2025/02/20,7090.0,A,KY,CVG,COVINGTON,US,Y,,,,,
2025/02/20,7138.6,A,KY,HOP,FORT CAMPBELL/HOPKINSVILLE,US,,,Y,,,
2025/02/20,7139.0,A,KY,FTK,FORT KNOX,US,,,Y,Y,CLASS D SVC 1230-0400Z++ MON-FRI; CLSD WKENDS & HOL; OTHER TIMES CLASS E. ,
2025/02/20,7157.1,A,KY,GLW,GLASGOW,US,,,,Y,,
2025/02/20,7183.1,A,KY,I35,HARLAN,US,,,,Y,,
2025/02/20,7233.0,A,KY,LEX,LEXINGTON,US,,Y,,,,
2025/02/20,7239.1,A,KY,LOZ,LONDON,US,,,,Y,,
2025/02/20,7243.0,A,KY,SDF,LOUISVILLE,US,,Y,,,,
2025/02/20,7244.0,A,KY,LOU,LOUISVILLE,US,,,Y,Y,CLASS D SVC 0700-2200; OTHER TIMES CLASS E,
2025/02/20,7308.1,A,KY,OWB,OWENSBORO,US,,,Y,,CLASS D SVC 0600-2200; OTHER TIMES CLASS G,
2025/02/20,7312.0,A,KY,PAH,PADUCAH,US,,,Y,,CLASS D SVC 0600-2300; OTHER TIMES CLASS G,
2025/02/20,7368.0,A,KY,SME,SOMERSET,US,,,,Y,,
2025/02/20,7411.0,A,LA,AEX,ALEXANDRIA,US,,,Y,,,
2025/02/20,7425.0,A,LA,BTR,BATON ROUGE,US,,Y,,Y,CLASS C SVC (PER TWR/NOTAM 0500-0000); OTHER TIMES CLASS E,
2025/02/20,7443.12,A,LA,BAD,BOSSIER CITY,US,,Y,,,,
2025/02/20,7520.0,A,LA,POE,FORT JOHNSON,US,,,Y,Y,CLASS D SVC 1300-0500Z++; OTHER TIMES CLASS E,
2025/02/20,7541.0,A,LA,HDC,HAMMOND,US,,,Y,,CLASS D SVC 0800-1800; OTHER TIMES CLASS G,
2025/02/20,7556.0,A,LA,HUM,HOUMA,US,,,Y,,CLASS D SVC 0600-1900; OTHER TIMES CLASS G,
2025/02/20,7589.0,A,LA,LFT,LAFAYETTE,US,,Y,,Y,CLASS C SVC 0530-2230; OTHER TIMES CLASS E,
2025/02/20,7594.1,A,LA,LCH,LAKE CHARLES,US,,,Y,Y,CLASS D SVC 0600-2200; OTHER TIMES CLASS E,
2025/02/20,7594.3,A,LA,CWF,LAKE CHARLES,US,,,Y,,CLASS D SVC 0600-2200; OTHER TIMES CLASS G,
2025/02/20,7658.0,A,LA,MLU,MONROE,US,,,Y,Y,CLASS D SVC 0600-2200; OTHER TIMES CLASS E,
2025/02/20,7670.0,A,LA,ARA,NEW IBERIA,US,,,Y,,CLASS D SVC 0600-2100; OTHER TIMES CLASS G,
2025/02/20,7673.0,A,LA,NBG,NEW ORLEANS,US,,,Y,Y,"CLASS D SVC 1300-0500Z++ MON-FRI, 1500-2300Z++ SAT-SUN, CLSD HOL EXC BY NOTAM; OTHER TIMES CLASS E",
2025/02/20,7675.0,A,LA,MSY,NEW ORLEANS,US,Y,,,,,
2025/02/20,7676.0,A,LA,NEW,NEW ORLEANS,US,,,Y,Y,CLASS D SVC 0700-2100; OTHER TIMES CLASS E,
2025/02/20,7735.0,A,LA,SHV,SHREVEPORT,US,,Y,,,,
2025/02/20,7739.0,A,LA,DTN,SHREVEPORT,US,,,Y,,CLASS D SVC 0700-2200; OTHER TIMES CLASS G,
2025/02/20,7819.0,A,ME,AUG,AUGUSTA,US,,,,Y,,
2025/02/20,7825.0,A,ME,BGR,BANGOR,US,,Y,,,,
2025/02/20,7828.0,A,ME,BHB,BAR HARBOR,US,,,,Y,,
2025/02/20,7885.0,A,ME,BXM,BRUNSWICK,US,,,,Y,,
2025/02/20,8038.0,A,ME,HUL,HOULTON,US,,,,Y,,
2025/02/20,8215.0,A,ME,PWM,PORTLAND,US,,Y,,Y,CLASS C SVC 0545-0000; OTHER TIMES CLASS E,
2025/02/20,8221.0,A,ME,PQI,PRESQUE ISLE,US,,,,Y,"CLASS E SVC 0500-2100 MON-SAT, 0800-2100 SUN; OTHER TIMES CLASS G",
2025/02/20,8441.3,A,MD,APG,ABERDEEN PROVING GROUNDS (ABERDEEN),US,,,Y,,CLASS D SVC 1300-2100Z++ MON-FRI EXC HOL; OTHER TIMES PPR; OTHER TIMES CLASS G,
2025/02/20,8452.0,A,MD,MTN,BALTIMORE,US,,,Y,Y,CLASS D SVC 0600-2200; OTHER TIMES CLASS E,
2025/02/20,8456.0,A,MD,BWI,BALTIMORE,US,Y,,,,,
2025/02/20,8484.0,A,MD,ADW,CAMP SPRINGS,US,Y,,,,,
2025/02/20,8525.0,A,MD,ESN,EASTON,US,,,Y,Y,CLASS D SVC 0600-2200; OTHER TIMES CLASS E,
2025/02/20,8556.0,A,MD,FDK,FREDERICK,US,,,Y,Y,CLASS D SVC 0700-2100; OTHER TIMES CLASS E,
2025/02/20,8569.0,A,MD,HGR,HAGERSTOWN,US,,,Y,Y,CLASS D SVC 0700-2200; OTHER TIMES CLASS E,
2025/02/20,8614.0,A,MD,NHK,PATUXENT RIVER,US,,,Y,Y,,
2025/02/20,8645.0,A,MD,SBY,SALISBURY,US,,,Y,Y,CLASS D SVC 0600-2230; OTHER TIMES CLASS E,
2025/02/20,8750.0,A,MA,BED,BEDFORD,US,,,Y,,CLASS D SVC 0700-2300; OTHER TIMES CLASS G,
2025/02/20,8762.0,A,MA,BVY,BEVERLY,US,,,Y,,"CLASS D SVC 0700-2100 15 MAY- 31 OCT, 0700-2000 01 NOV- 14 MAY; OTHER TIMES CLASS G",
2025/02/20,8778.0,A,MA,BOS,BOSTON,US,Y,,,,,
2025/02/20,8906.0,A,MA,FMH,FALMOUTH,US,,,Y,,,
2025/02/20,8995.0,A,MA,HYA,HYANNIS,US,,,Y,,CLASS D SVC 0600-2200; OTHER TIMES CLASS G,
2025/02/20,9011.0,A,MA,LWM,LAWRENCE,US,,,Y,,CLASS D SVC 0700-2200; OTHER TIMES CLASS G,
2025/02/20,9110.0,A,MA,ACK,NANTUCKET,US,,,Y,,"CLASS D SVC 0600-2200 MAY 15-SEPT 30, 0600-2100 OCT 1-MAY 14; OTHER TIMES CLASS G",
2025/02/20,9112.0,A,MA,EWB,NEW BEDFORD,US,,,Y,,CLASS D SVC 0630-2200; OTHER TIMES CLASS G,
2025/02/20,9180.0,A,MA,OWD,NORWOOD,US,,,Y,,"CLASS D SVC 0700-2000 1 NOV-30 APR, 0700-2200 1 MAY-31 OCT; OTHER TIMES CLASS G",
2025/02/20,9304.02,A,MA,CEF,SPRINGFIELD/CHICOPEE,US,,,Y,,CLASS D SVC 0700-2300; OTHER TIMES CLASS G,
2025/02/20,9362.0,A,MA,MVY,VINEYARD HAVEN,US,,,Y,,"CLASS D SVC MAY 15- OCT 31 0600-2200, NOV 1- MAY 14 0700-1700; OTHER TIMES CLASS G",
2025/02/20,9398.0,A,MA,BAF,WESTFIELD/SPRINGFIELD,US,,,Y,,CLASS D SVC 0700-2200; OTHER TIMES CLASS G,
2025/02/20,9462.0,A,MA,ORH,WORCESTER,US,,,Y,Y,CLASS D SVC 0630-2100; OTHER TIMES CLASS E,
2025/02/20,9518.0,A,MI,APN,ALPENA,US,,,Y,Y,CLASS D SVC 0800-1600 MON-FRI EXC HOL; OTHER TIMES CLASS E,
2025/02/20,9524.0,A,MI,ARB,ANN ARBOR,US,,,Y,,CLASS D SVC 0800-2000; OTHER TIMES CLASS G,
2025/02/20,9548.0,A,MI,BTL,BATTLE CREEK,US,,,Y,,CLASS D SVC 0700-2300; OTHER TIMES CLASS G,
2025/02/20,9566.0,A,MI,BEH,BENTON HARBOR,US,,,,Y,CLASS E SVC 0600-2330; OTHER TIMES CLASS G,
2025/02/20,9725.0,A,MI,DET,DETROIT,US,,,Y,,,
2025/02/20,9749.0,A,MI,DTW,DETROIT,US,Y,,,,,
2025/02/20,9750.0,A,MI,YIP,DETROIT,US,,,Y,,,
2025/02/20,9788.0,A,MI,ESC,ESCANABA,US,,,,Y,,
2025/02/20,9809.0,A,MI,FNT,FLINT,US,,Y,,Y,CLASS C SVC 0545-2330; OTHER TIMES CLASS E,
2025/02/20,9852.0,A,MI,GRR,GRAND RAPIDS,US,,Y,,Y,CLASS C SVC 0530-0000; OTHER TIMES CLASS E,
2025/02/20,9857.0,A,MI,GOV,GRAYLING,US,,,Y,Y,"CLASS D SVC 1300-0500Z++MON-FRI 1 APR-30 SEP, 1300-0100Z++MON-FRI 1 OCT-31 MAR; OTHER TIMES CLASS E ",
2025/02/20,9881.0,A,MI,CMX,HANCOCK,US,,,,Y,,
2025/02/20,9962.0,A,MI,IMT,IRON MOUNTAIN KINGSFORD,US,,,,Y,"CLASS E SVC 0600-2200 MON-FRI, 0900-1900 SAT, 0900-2200 SUN; OTHER TIMES CLASS G",
2025/02/20,9968.0,A,MI,IWD,IRONWOOD,US,,,,Y,,
2025/02/20,9977.0,A,MI,JXN,JACKSON,US,,,Y,Y,CLASS D SVC 0700-2100; OTHER TIMES CLASS E,
2025/02/20,9986.0,A,MI,AZO,KALAMAZOO,US,,,Y,,CLASS D SVC 0600-2300; OTHER TIMES CLASS G,
2025/02/20,10010.0,A,MI,LAN,LANSING,US,,Y,Y,,CLASS C SVC 1030-0500Z++; OTHER TIMES CLASS D,
2025/02/20,10064.02,A,MI,SAW,MARQUETTE,US,,,Y,Y,CLASS D SVC 0600-2200; OTHER TIMES CLASS E,
2025/02/20,10115.0,A,MI,MTC,MOUNT CLEMENS,US,,,Y,,"CLASS D SVC 1230-0400Z++, CLSD HOL; OTHER TIMES UNCONTROLLED FOR DHS, ARNG, USCG, OR EMERGENCY OPS; OTHER TIMES CLASS G",
2025/02/20,10127.0,A,MI,MKG,MUSKEGON,US,,,Y,Y,CLASS D SVC 0600-2300; OTHER TIMES CLASS E,
2025/02/20,10193.0,A,MI,OSC,OSCODA,US,,,,Y,,
2025/02/20,10218.0,A,MI,PLN,PELLSTON,US,,,,Y,,
2025/02/20,10232.0,A,MI,PTK,PONTIAC,US,,,Y,,CLASS D SVC 0600-2400; OTHER TIMES CLASS G,
2025/02/20,10299.0,A,MI,MBS,SAGINAW,US,,,Y,Y,CLASS D SVC 0600-2300; OTHER TIMES CLASS E,
2025/02/20,10329.0,A,MI,CIU,SAULT STE MARIE,US,,,,Y,,
2025/02/20,10379.0,A,MI,TVC,TRAVERSE CITY,US,,,Y,Y,"CLASS D SVC 0700-2100 EST, 0700-2200 EDT; OTHER TIMES CLASS E",
2025/02/20,10512.0,A,MN,AXN,ALEXANDRIA,US,,,,Y,,
2025/02/20,10546.0,A,MN,BJI,BEMIDJI,US,,,,Y,"CLASS E SVC 0445-2345 MON-SAT, 0800-2345 SUN; OTHER TIMES CLASS G",
2025/02/20,10576.0,A,MN,BRD,BRAINERD,US,,,,Y,"CLASS E SVC 0500-2300 MON-SAT, 0600-2300 SUN; OTHER TIMES CLASS G",
2025/02/20,10614.8,A,MN,RYM,CAMP RIPLEY,US,,,Y,Y,"CLASS D SVC 1300-0445Z++ MON-THU, 1400-2200Z++ FRI, CLSD HOL; OTHER TIMES CLASS E",
2025/02/20,10653.0,A,MN,DLH,DULUTH,US,,,Y,,CLASS D SVC CONTINUOUS,
2025/02/20,10668.01,A,MN,ELO,ELY,US,,,,Y,"CLASS E SVC SEP-MAR 0800-1700, APR-MAY 0900-1800, JUN-AUG 0900-2100; OTHER TIMES CLASS G",
2025/02/20,10684.0,A,MN,FRM,FAIRMONT,US,,,,Y,"CLASS E SVC 0530-1930 MON-FRI, 0530-1300 SAT, 1000-1700 SUN; OTHER TIMES CLASS G",
2025/02/20,10692.0,A,MN,FFM,FERGUS FALLS,US,,,,Y,,
2025/02/20,10716.0,A,MN,GPZ,GRAND RAPIDS,US,,,,Y,"CLASS E SVC 0500-2100 MON-SAT, 0800-2100 SUN; OTHER TIMES CLASS G",
2025/02/20,10737.0,A,MN,HIB,HIBBING,US,,,,Y,,
2025/02/20,10749.0,A,MN,INL,INTERNATIONAL FALLS,US,,,,Y,,
2025/02/20,10812.1,A,MN,MKT,MANKATO,US,,,,Y,CLASS E SVC 1100Z-0700Z MON-SUN; OTHER TIMES CLASS G,
2025/02/20,10821.0,A,MN,MIC,MINNEAPOLIS,US,,,Y,Y,"CLASS D SVC 0700-2100 OCT 1-APR 30, 0700-2200 MAY 1-SEP 30; OTHER TIMES CLASS E",
2025/02/20,10824.0,A,MN,MSP,MINNEAPOLIS,US,Y,,,,,
2025/02/20,10827.0,A,MN,FCM,MINNEAPOLIS,US,,,Y,Y,"CLASS D SVC 0600-2100 1ST SUN IN NOV-2ND SAT IN MAR, 0600-2200 2ND SUN IN MAR-1ST SAT IN NOV; OTHER TIMES CLASS E.",
2025/02/20,10827.2,A,MN,ANE,MINNEAPOLIS,US,,,Y,Y,"CLASS D SVC 0700-2100 OCT-APR, 0700-2200 MAY-SEP; OTHER TIMES CLASS E",
2025/02/20,10938.0,A,MN,RWF,REDWOOD FALLS,US,,,,Y,,
2025/02/20,10950.1,A,MN,RST,ROCHESTER,US,,,Y,Y,CLASS D SVC 0500-2300; OTHER TIMES CLASS E,
2025/02/20,10962.1,A,MN,STC,ST CLOUD,US,,,Y,Y,CLASS D SVC 0700-2300; OTHER TIMES CLASS E,
2025/02/20,10974.0,A,MN,STP,ST PAUL,US,,,Y,Y,"CLASS D SVC 0600-2200 MON-FRI, 0700-2200 SAT-SUN; OTHER TIMES CLASS E",
2025/02/20,11024.0,A,MN,TVF,THIEF RIVER FALLS,US,,,,Y,CLASS E SVC 0500-2100; OTHER TIMES CLASS G,
2025/02/20,11104.0,A,MN,OTG,WORTHINGTON,US,,,,Y,"CLASS E SVC 0600-1100 AND 1500-1900 MON-FRI, 0600-1100 SAT, 1500-1900 SUN; OTHER TIMES CLASS G",
2025/02/20,11140.1,A,MS,HSA,BAY ST LOUIS,US,,,Y,,CLASS D SVC 0700-2100; OTHER TIMES CLASS G,
2025/02/20,11147.0,A,MS,BIX,BILOXI,US,,,Y,Y,"CLASS D SVC 1400-0500Z++ MON-FRI, 1700-2300Z++ SAT AND SUN, CLSD HOL, UTA 1900-0500Z++ SUN; OTHER TIMES CLASS E",
2025/02/20,11194.51,A,MS,GTR,COLUMBUS/W POINT/STARKVILLE,US,,,Y,Y,CLASS D SVC 0600-2000; OTHER TIMES CLASS E,
2025/02/20,11195.0,A,MS,CBM,COLUMBUS,US,,Y,,,"CLASS C SVC 1300-0100Z++ MON-FRI, 1800-2300Z++ SUN, CLSD SAT AND HOLS, ADNL DATES/TIMES INTMT BY NOTAM; OTHER TIMES CLASS G.",
2025/02/20,11244.0,A,MS,GLH,GREENVILLE,US,,,Y,,CLASS D SVC 0700-1900; OTHER TIMES CLASS G,
2025/02/20,11247.0,A,MS,GWO,GREENWOOD,US,,,Y,Y,CLASS D SVC 0800-1800; OTHER TIMES CLASS E,
2025/02/20,11253.0,A,MS,GPT,GULFPORT,US,,,Y,,CLASS D SVC 0600-2300; OTHER TIMES CLASS G,
2025/02/20,11255.1,A,MS,PIB,HATTIESBURG-LAUREL,US,,,,Y,CLASS E SVC 0600-2200; OTHER TIMES CLASS G,
2025/02/20,11280.0,A,MS,JAN,JACKSON,US,,Y,,Y,CLASS C SVC 1200-0500Z++; OTHER TIMES CLASS E,
2025/02/20,11282.0,A,MS,HKS,JACKSON,US,,,Y,,CLASS D SVC 0700-2100; OTHER TIMES CLASS G,
2025/02/20,11333.1,A,MS,MCB,MC COMB,US,,,,Y,,
2025/02/20,11339.0,A,MS,MEI,MERIDIAN,US,,,Y,,CLASS D SVC 0600-2200; OTHER TIMES BY NOTAM; OTHER TIMES CLASS G,
2025/02/20,11339.1,A,MS,NMM,MERIDIAN,US,,,Y,,"CLASS D SVC 1300-0500Z++ MON-THU, 1300-2300Z++ FRI, CLSD SAT-SUN, HOL EXC BY NOTAM; OTHER TIMES CLASS G",
2025/02/20,11339.2,A,MS,NJW,MERIDIAN,US,,,Y,,CLASS D SVC 1400Z-2200Z++ MON-FRI; OTHER TIMES CLASS G.,
2025/02/20,11368.6,A,MS,OLV,OLIVE BRANCH,US,,,Y,,CLASS D SVC 0700-2100; OTHER TIMES CLASS G,
2025/02/20,11379.01,A,MS,PQL,PASCAGOULA,US,,,Y,,"CLASS D SVC 0600-2000 MON-FRI, 0800-1800 SAT-SUN; OTHER TIMES CLASS G",
2025/02/20,11462.0,A,MS,TUP,TUPELO,US,,,Y,Y,CLASS D SVC 0600-2200; OTHER TIMES CLASS E,
2025/02/20,11567.0,A,MO,BBG,BRANSON,US,,,Y,Y,CLASS D SVC 0700-2100; OTHER TIMES CLASS E,
2025/02/20,11605.0,A,MO,CGI,CAPE GIRARDEAU,US,,,Y,Y,CLASS D SVC 0700-1900 MON-FRI; 0700-1700 SAT-SUN; OTHER TIMES CLASS E.,
2025/02/20,11651.1,A,MO,COU,COLUMBIA,US,,,Y,Y,CLASS D SVC 0700-2100; OTHER TIMES CLASS E,
2025/02/20,11730.0,A,MO,TBN,FORT LEONARD WOOD,US,,,Y,,CLASS D SVC 1300-0400Z++ MON-FRI EXC HOL; OTHER TIMES CLASS G,
2025/02/20,11808.0,A,MO,JEF,JEFFERSON CITY,US,,,Y,Y,CLASS D SVC 0600-2130; OTHER TIMES CLASS E,
2025/02/20,11810.0,A,MO,JLN,JOPLIN,US,,,Y,Y,CLASS D SVC 0600-2100; OTHER TIMES CLASS E,
2025/02/20,11816.0,A,MO,MKC,KANSAS CITY,US,,,Y,,,
2025/02/20,11816.6,A,MO,MCI,KANSAS CITY,US,Y,,,,,
2025/02/20,11834.0,A,MO,IRK,KIRKSVILLE,US,,,,Y,CLASS E SVC 0700-2100; OTHER TIMES CLASS G,
2025/02/20,11844.0,A,MO,SZL,KNOB NOSTER,US,,,Y,Y,"CLASS D SVC 24, CLSD HOL; OTHER TIMES CLASS E",
2025/02/20,11933.1,A,MO,HFJ,MONETT,US,,,,Y,,
2025/02/20,12056.1,A,MO,VIH,ROLLA/VICHY,US,,,,Y,CLASS E SVC 0600-2200; OTHER TIMES CLASS G,
2025/02/20,12074.0,A,MO,STJ,ST JOSEPH,US,,,Y,,"CLASS D SVC WED-THU 0800-0000, FRI-TUE 0800-1800; OTHER TIMES BY NOTAM; OT CLASS G.",
2025/02/20,12077.0,A,MO,STL,ST LOUIS,US,Y,,,,,
2025/02/20,12082.5,A,MO,SUS,ST LOUIS,US,,,Y,Y,CLASS D SVC 0600-2300; OTHER TIMES CLASS E,
2025/02/20,12136.0,A,MO,3DW,SPRINGFIELD,US,,,,Y,,
2025/02/20,12138.0,A,MO,SGF,SPRINGFIELD,US,,Y,,,,
2025/02/20,12265.0,A,MT,BIL,BILLINGS,US,,Y,,,,
2025/02/20,12278.0,A,MT,BZN,BOZEMAN,US,,,Y,Y,CLASS D SVC 0530-0030; OTHER TIMES CLASS E,
2025/02/20,12286.0,A,MT,BTM,BUTTE,US,,,,Y,,
2025/02/20,12315.0,A,MT,CTB,CUT BANK,US,,,,Y,,
2025/02/20,12324.0,A,MT,DLN,DILLON,US,,,,Y,,
2025/02/20,12375.0,A,MT,GGW,GLASGOW,US,,,,Y,,
2025/02/20,12381.0,A,MT,GTF,GREAT FALLS,US,,,Y,,,
2025/02/20,12399.0,A,MT,HVR,HAVRE,US,,,,Y,CLASS E SVC 0600-1400; OTHER TIMES CLASS G,
2025/02/20,12402.0,A,MT,HLN,HELENA,US,,,Y,Y,CLASS D SVC 0600-2200; OTHER TIMES CLASS E,
2025/02/20,12418.0,A,MT,GPI,KALISPELL,US,,,Y,Y,CLASS D SVC 0800-0000; OTHER TIMES CLASS E,
2025/02/20,12426.0,A,MT,LWT,LEWISTOWN,US,,,,Y,,
2025/02/20,12433.0,A,MT,LVM,LIVINGSTON,US,,,,Y,CLASS E SVC 0800-1800; OTHER TIMES CLASS G,
2025/02/20,12450.0,A,MT,MLS,MILES CITY,US,,,,Y,,
2025/02/20,12453.0,A,MT,MSO,MISSOULA,US,,,Y,Y,CLASS D SVC 0600-2200; OTHER TIMES CLASS E,
2025/02/20,12591.0,A,NE,ANW,AINSWORTH,US,,,,Y,,
2025/02/20,12674.0,A,NE,CDR,CHADRON,US,,,,Y,"CLASS E SVC 0600-2300 MON-FRI, 0800-2300 SAT-SUN; OTHER TIMES CLASS G",
2025/02/20,12681.0,A,NE,OLU,COLUMBUS,US,,,,Y,,
2025/02/20,12743.0,A,NE,GRI,GRAND ISLAND,US,,,Y,Y,CLASS D SVC 0700-2000; OTHER TIMES CLASS E,
2025/02/20,12755.0,A,NE,HSI,HASTINGS,US,,,,Y,"CLASS E SVC 0600-2230 MON-FRI, 0600-1400 SAT, 1000-2230 SUN; OTHER TIMES CLASS G",
2025/02/20,12783.0,A,NE,EAR,KEARNEY,US,,,,Y,,
2025/02/20,12794.0,A,NE,LNK,LINCOLN,US,,Y,,Y,CLASS C SVC CTC OMAHA APP 0600 - 2200; OTHER TIMES CLASS E,
2025/02/20,12808.0,A,NE,MCK,MC COOK,US,,,,Y,,
2025/02/20,12836.0,A,NE,OFK,NORFOLK,US,,,,Y,,
2025/02/20,12842.0,A,NE,LBF,NORTH PLATTE,US,,,,Y,,
2025/02/20,12853.1,A,NE,OFF,OMAHA,US,,Y,,,,
2025/02/20,12854.0,A,NE,OMA,OMAHA,US,,Y,,,,
2025/02/20,12915.0,A,NE,BFF,SCOTTSBLUFF,US,,,,Y,,
2025/02/20,12927.0,A,NE,SNY,SIDNEY,US,,,,Y,CLASS E SVC 0500-2200; OTHER TIMES CLASS G,
2025/02/20,12960.0,A,NE,VTN,VALENTINE,US,,,,Y,,
2025/02/20,13016.0,A,NV,BAM,BATTLE MOUNTAIN,US,,,,Y,,
2025/02/20,13057.0,A,NV,NFL,FALLON,US,,,Y,Y,"CLASS D SVC 1530-0700Z MON-FRI, 1800-0200Z++ SAT, 2000-0200Z++ SUN, CLSD HOL; OTHER TIMES BY NOTAM; OTHER TIMES CLASS E",
2025/02/20,13079.0,A,NV,INS,INDIAN SPRINGS,US,,,Y,,"CLASS D SVC 0630Z++ MON-1615Z++ SAT, CLSD WKEND AND HOL; OTHER TIMES CLASS G",
2025/02/20,13082.0,A,NV,VGT,LAS VEGAS,US,,,Y,,"CLASS D SVC 0600-2000 OCT-MAR, 0600-2100 APR-SEP; OTHER TIMES CLASS G",
2025/02/20,13083.0,A,NV,LAS,LAS VEGAS,US,Y,,,,,
2025/02/20,13083.29,A,NV,HND,LAS VEGAS,US,,,Y,,CLASS D SVC 0600-2000; OTHER TIMES CLASS G,
2025/02/20,13123.0,A,NV,RNO,RENO,US,,Y,,,,
2025/02/20,13138.0,A,NV,TPH,TONOPAH,US,,,,Y,,
2025/02/20,13224.0,A,NH,CON,CONCORD,US,,,,Y,,
2025/02/20,13317.0,A,NH,LEB,LEBANON,US,,,Y,,CLASS D SVC 0600-2200; OTHER TIMES CLASS G,
2025/02/20,13332.0,A,NH,MHT,MANCHESTER,US,,Y,,,,
2025/02/20,13350.0,A,NH,ASH,NASHUA,US,,,Y,,CLASS D SVC 0700-2100; OTHER TIMES CLASS G,
2025/02/20,13386.0,A,NH,PSM,PORTSMOUTH,US,,,Y,,,
2025/02/20,13487.0,A,NJ,ACY,ATLANTIC CITY,US,,Y,,,,
2025/02/20,13578.0,A,NJ,CDW,CALDWELL,US,,,Y,,CLASS D SVC 0700-2300; OTHER TIMES CLASS G,
2025/02/20,13887.0,A,NJ,NEL,LAKEHURST,US,,,Y,,"CLASS D SVC 1300-1700Z++ MON-WED, 1300-0100Z++ THU-FRI; OTHER TIMES CLASS G",
2025/02/20,14010.0,A,NJ,MIV,MILLVILLE,US,,,,Y,,
2025/02/20,14031.0,A,NJ,MMU,MORRISTOWN,US,,,Y,,CLASS D SVC 0645-2230; OTHER TIMES CLASS G,
2025/02/20,14052.0,A,NJ,EWR,NEWARK,US,Y,,,,,(CLASS_B_AIRSPACE) EXPECT TO LEAVE AND RE-ENTER CLASS B ASP DURG MOD TO HVY ARR PDS.
2025/02/20,14349.0,A,NJ,TEB,TETERBORO,US,,,Y,,,
2025/02/20,14366.0,A,NJ,TTN,TRENTON,US,,,Y,Y,CLASS D SVC 0600-2200; OTHER TIMES CLASS E,
2025/02/20,14484.0,A,NJ,WRI,WRIGHTSTOWN,US,,,Y,,,
2025/02/20,14525.0,A,NM,HMN,ALAMOGORDO,US,,,Y,,,
2025/02/20,14528.1,A,NM,AEG,ALBUQUERQUE,US,,,Y,,CLASS D SVC 0600-2200; OTHER TIMES CLASS G,
2025/02/20,14532.0,A,NM,ABQ,ALBUQUERQUE,US,,Y,,,,
2025/02/20,14559.0,A,NM,CNM,CARLSBAD,US,,,,Y,,
2025/02/20,14577.0,A,NM,CVS,CLOVIS,US,,,Y,Y,CLASS D SVC CONTINUOUS,
2025/02/20,14595.0,A,NM,DMN,DEMING,US,,,,Y,CLASS E SVC 0800-1600; OTHER TIMES CLASS G,
2025/02/20,14607.0,A,NM,FMN,FARMINGTON,US,,,Y,Y,CLASS D SVC 0600-2200; OTHER TIMES CLASS E,
2025/02/20,14612.0,A,NM,GUP,GALLUP,US,,,,Y,,
2025/02/20,14621.0,A,NM,HOB,HOBBS,US,,,Y,,CLASS D SVC 0600-1800; OTHER TIMES CLASS G,
2025/02/20,14637.0,A,NM,LVS,LAS VEGAS,US,,,,Y,CLASS E SVC 0800-1600; OTHER TIMES CLASS G,
2025/02/20,14719.0,A,NM,ROW,ROSWELL,US,,,Y,Y,CLASS D SVC 0600-2100; OTHER TIMES CLASS E,
2025/02/20,14728.0,A,NM,SAF,SANTA FE,US,,,Y,,CLASS D SVC 0700-2100; OTHER TIMES CLASS G,
2025/02/20,14747.0,A,NM,TCS,TRUTH OR CONSEQUENCES,US,,,,Y,CLASS E SVC 0800-1600; OTHER TIMES CLASS G,
2025/02/20,14748.0,A,NM,TCC,TUCUMCARI,US,,,,Y,CLASS E SVC 0800-1600; OTHER TIMES CLASS G,
2025/02/20,14789.0,A,NY,ALB,ALBANY,US,,Y,,,,
2025/02/20,14904.0,A,NY,BGM,BINGHAMTON,US,,,Y,Y,CLASS D SVC 0600-0000; OTHER TIMES CLASS E,
2025/02/20,14954.0,A,NY,BUF,BUFFALO,US,,Y,,,,
2025/02/20,15167.02,A,NY,JPX,EAST HAMPTON,US,,,Y,Y,"CLASS D SVC 0800-2000, OPRS SAT BFR MEMORIAL DAY TO SUN AFT LABOR DAY; OTHER TIMES CLASS E",
2025/02/20,15203.0,A,NY,ELM,ELMIRA/CORNING,US,,,Y,Y,CLASS D SVC 0600-2400; OTHER TIMES CLASS E,
2025/02/20,15236.0,A,NY,FRG,FARMINGDALE,US,,,Y,,CLASS D SVC 0700-2300; OTHER TIMES CLASS G,
2025/02/20,15252.0,A,NY,GTB,FORT DRUM,US,,,Y,,,
2025/02/20,15309.0,A,NY,GFL,GLENS FALLS,US,,,,Y,,
2025/02/20,15488.0,A,NY,ITH,ITHACA,US,,,Y,Y,CLASS D SVC 0530-2100; OTHER TIMES CLASS E,
2025/02/20,15491.0,A,NY,JHW,JAMESTOWN,US,,,,Y,"CLASS E SVC 0600-2200 SUN-FRI, 0700-1800 SAT; OTHER TIMES CLASS G",
2025/02/20,15647.0,A,NY,MSS,MASSENA,US,,,,Y,,
2025/02/20,15752.0,A,NY,SWF,NEW YORK,US,,,Y,,,
2025/02/20,15783.0,A,NY,ISP,NEW YORK,US,,Y,,Y,CLASS C SVC 0600-0000; OTHER TIMES CLASS E,
2025/02/20,15793.0,A,NY,JFK,NEW YORK,US,Y,,,,,(CLASS_B_AIRSPACE) EXPECT TO LEAVE AND RE-ENTER THE CLASS B AIRSPACE DURING MODERATE TO HEAVY ARRIVAL PERIODS.
2025/02/20,15794.0,A,NY,LGA,NEW YORK,US,Y,,,,,(CLASS_B_AIRSPACE) EXPECT TO LEAVE AND RE-ENTER THE CLASS B AIRSPACE DURING MODERATE TO HEAVY ARRIVAL PERIODS.
2025/02/20,15800.0,A,NY,IAG,NIAGARA FALLS,US,,,Y,Y,CLASS D SVC 0700-2300; OTHER TIMES CLASS E,
2025/02/20,15989.2,A,NY,POU,POUGHKEEPSIE,US,,,Y,Y,"CLASS D SVC 0700-2200 15 MAY-14 SEP, 0700-2100 15 SEP-14 MAY; OTHER TIMES CLASS E",
2025/02/20,16034.0,A,NY,ROC,ROCHESTER,US,,Y,,,,
2025/02/20,16040.0,A,NY,RME,ROME,US,,,Y,Y,CLASS D SVC 0700-2100; OTHER TIMES CLASS E,
2025/02/20,16118.0,A,NY,SCH,SCHENECTADY,US,,,Y,,CLASS D SVC 0730-2230 MON-FRI; 0730-2100 WKNDS AND HOLS; CLSD THANKSGIVING & CHRISTMAS; OTR TIMES BY NOTAM; OTHER TIMES CLASS G.,
2025/02/20,16269.0,A,NY,SYR,SYRACUSE,US,,Y,,,,
2025/02/20,16367.0,A,NY,ART,WATERTOWN,US,,,,Y,,
2025/02/20,16408.0,A,NY,FOK,WESTHAMPTON BEACH,US,,,Y,,CLASS D SVC 0700-2300; OTHER TIMES CLASS G,
2025/02/20,16433.0,A,NY,HPN,WHITE PLAINS,US,,,Y,Y,CLASS D SVC 0600-2300; OTHER TIMES CLASS E,
2025/02/20,16503.0,A,NC,VUJ,ALBEMARLE,US,,,Y,Y,CLASS D SVC 1300-2230Z++ OR BY NOTAM; OTHER TIMES CLASS E,
2025/02/20,16517.5,A,NC,AVL,ASHEVILLE,US,,Y,,,CLASS C SVC 0630-2300 OTHER TIMES CLASS G,
2025/02/20,16585.0,A,NC,HFF,CAMP MACKALL,US,,,Y,,CLASS D SVC 1310-0500Z++ MON-SAT EXC FED HOL; OTHER TIMES CLASS G,
2025/02/20,16608.0,A,NC,CLT,CHARLOTTE,US,Y,,,,,
2025/02/20,16619.0,A,NC,NKT,CHERRY POINT,US,,,Y,Y,CLASS D SVC CONTINUOUS; OTHER TIMES CLASS E,
2025/02/20,16644.2,A,NC,JQF,CONCORD,US,,,Y,,CLASS D SVC 0700-2300; OTHER TIMES CLASS G,
2025/02/20,16696.0,A,NC,ECG,ELIZABETH CITY,US,,,Y,Y,CLASS D SVC 1200-0300Z++; OTHER TIMES CLASS E,
2025/02/20,16723.0,A,NC,FAY,FAYETTEVILLE,US,,Y,,,,
2025/02/20,16723.03,A,NC,POB,FAYETTEVILLE,US,,Y,,,,
2025/02/20,16729.1,A,NC,FBG,FORT LIBERTY,US,,,Y,,"CLASS D SVC 1310-0500Z++ MON-SAT, CLSD HOL; OTHER TIMES BY NOTAM; OTHER TIMES CLASS G",
2025/02/20,16747.0,A,NC,GSB,GOLDSBORO,US,,,Y,,CLASS D SVC 1200-0400Z++; OTHER TIMES CLASS G,
2025/02/20,16758.0,A,NC,GSO,GREENSBORO,US,,Y,,,,
2025/02/20,16761.0,A,NC,PGV,GREENVILLE,US,,,,Y,CLASS E SVC 0600-2400; OTHER TIMES CLASS G,
2025/02/20,16793.0,A,NC,HKY,HICKORY,US,,,Y,Y,CLASS D SVC 0700-2100; OTHER TIMES CLASS E,
2025/02/20,16815.0,A,NC,NCA,JACKSONVILLE,US,,,Y,,"CLASS D SVC 1 OCT-30 APR 1300-0600Z++ MON-THU, 1300-2400Z++ FRI, 1 MAY-30 SEP 1400-0700Z++ MON-THU, 1400-0100Z++ FRI; OTHER TIMES CLASS G",
2025/02/20,16815.1,A,NC,OAJ,JACKSONVILLE,US,,,Y,Y,CLASS D SVC 0700-2200; OTHER TIMES CLASS E,
2025/02/20,16836.0,A,NC,ISO,KINSTON,US,,,Y,,CLASS D SVC 0630-2200; OTHER TIMES CLASS G,
2025/02/20,16971.0,A,NC,EWN,NEW BERN,US,,,Y,Y,CLASS D SVC 0600-2200; OTHER TIMES CLASS E,
2025/02/20,17024.0,A,NC,13NC,POLLOCKSVILLE,US,,,Y,,CLASS D SVC BY NOTAM; OTHER TIMES CLASS G,
2025/02/20,17035.0,A,NC,RDU,RALEIGH/DURHAM,US,,Y,,,,
2025/02/20,17066.0,A,NC,RWI,ROCKY MOUNT,US,,,,Y,CLASS E SVC 0800-1800; OTHER TIMES CLASS G,
2025/02/20,17147.5,A,NC,NJM,SWANSBORO,US,,,Y,,"CLASS D SVC OPNS HRS PUBLISHED BY 2ND MARINE AIR WING; CTC AIR OPS REQ SCHEDULE/USAGE DSN 582-0674, COMMERCIAL 252-466-0674; OTHER TIMES CLASS G",
2025/02/20,17211.0,A,NC,ILM,WILMINGTON,US,,,Y,Y,CLASS D SVC 0600-2300; OTHER TIMES CLASS E,
2025/02/20,17220.0,A,NC,INT,WINSTON SALEM,US,,,Y,,CLASS D SVC 0645-2130; OTHER TIMES CLASS G,
2025/02/20,17265.0,A,ND,BIS,BISMARCK,US,,,Y,Y,CLASS D SVC 0600-2400; OTHER TIMES CLASS E,
2025/02/20,17302.0,A,ND,DVL,DEVILS LAKE,US,,,,Y,"CLASS E SVC 0400-2130 MON-FRI, 0400-1500 SAT, 1330-2130 SUN; OTHER TIMES CLASS G",
2025/02/20,17304.0,A,ND,DIK,DICKINSON,US,,,,Y,,
2025/02/20,17328.0,A,ND,FAR,FARGO,US,,,Y,,,
2025/02/20,17349.1,A,ND,GFK,GRAND FORKS,US,,,Y,Y,CLASS D SVC 0600-2330; OTHER TIMES CLASS E,
2025/02/20,17349.13,A,ND,RDR,GRAND FORKS,US,,,Y,,"CLASS D SVC OPR 1200-0530Z++, CLSD HOL; OTHER TIMES CLASS G",
2025/02/20,17367.0,A,ND,JMS,JAMESTOWN,US,,,,Y,,
2025/02/20,17417.5,A,ND,MIB,MINOT,US,,,Y,,"CLASS D SVC 1200Z++ MON- 0400Z++ THURS, 1500-2300Z++ SAT-SUN; OTHER TIMES CLASS G",
2025/02/20,17418.0,A,ND,MOT,MINOT,US,,,Y,Y,CLASS D SVC 0700-2200; OTHER TIMES CLASS E,
2025/02/20,17495.4,A,ND,XWA,WILLISTON,US,,,,Y,,
2025/02/20,17521.0,A,OH,CAK,AKRON,US,,Y,Y,,CLASS C SVC 1100-0600Z++; OTHER TIMES CLASS D,
2025/02/20,17524.0,A,OH,AKR,AKRON,US,,,,Y,,
2025/02/20,17731.0,A,OH,LUK,CINCINNATI,US,,,Y,Y,CLASS D SVC 0700-2300; OTHER TIMES CLASS E,
2025/02/20,17746.0,A,OH,CLE,CLEVELAND,US,Y,,,,,
2025/02/20,17756.0,A,OH,CGF,CLEVELAND,US,,,Y,,CLASS D SVC 0700-2300; OTHER TIME CLASS G,
2025/02/20,17757.0,A,OH,BKL,CLEVELAND,US,,,Y,,"CLASS D SVC 0700 MON TO 2300 FRI, 0700-2300 SAT, 0800-2400 SUN; OTHER TIMES CLASS G",
2025/02/20,17785.2,A,OH,TZR,COLUMBUS,US,,,Y,,CLASS D SVC 0730-1930; OTHER TIMES CLASS G,
2025/02/20,17786.0,A,OH,LCK,COLUMBUS,US,,,Y,,,
2025/02/20,17787.0,A,OH,OSU,COLUMBUS,US,,,Y,,CLASS D SVC 0700-2300; OTHER TIMES CLASS G,
2025/02/20,17788.0,A,OH,CMH,COLUMBUS,US,,Y,,,,
2025/02/20,17818.0,A,OH,DAY,DAYTON,US,,Y,,,,
2025/02/20,17827.0,A,OH,FFO,DAYTON,US,,,Y,Y,CLASS D SVC CONTINUOUS; OTHER TIMES CLASS E,
2025/02/20,17914.0,A,OH,FDY,FINDLAY,US,,,,Y,,
2025/02/20,18157.0,A,OH,MFD,MANSFIELD,US,,,Y,Y,CLASS D SVC 0600-2300; OTHER TIMES CLASS E,
2025/02/20,18577.0,A,OH,TOL,TOLEDO,US,,Y,,,,
2025/02/20,18717.0,A,OH,ILN,WILMINGTON,US,,,Y,Y,,
2025/02/20,18753.0,A,OH,YNG,YOUNGSTOWN/WARREN,US,,,Y,,,
2025/02/20,18761.0,A,OH,ZZV,ZANESVILLE,US,,,,Y,,
2025/02/20,18780.0,A,OK,LTS,ALTUS,US,,,Y,,"CLASS D SVC 1500-0830Z++ MON-FRI, CLSD SAT-SUN AND HOL; OTHER TIMES CLASS G",
2025/02/20,18795.0,A,OK,ADM,ARDMORE,US,,,Y,,"CLASS D SVC 0700-2300 MON-FRI, 0700-1700 SAT-SUN; OTHER TIMES CLASS G",
2025/02/20,18803.0,A,OK,BVO,BARTLESVILLE,US,,,,Y,"CLASS E SVC MON-THU 1300-0100Z++, FRI 1300-2300Z++; OTHER TIMES CLASS G",
2025/02/20,18877.0,A,OK,CSM,BURNS FLAT,US,,,Y,,"CLASS D SVC 0900-0100 MON-FRI, EXC FED HOL; OTHER TIMES CLASS G",
2025/02/20,18953.0,A,OK,WDG,ENID,US,,,Y,Y,CLASS D SVC 0630-2100; OTHER TIMES CLASS E,
2025/02/20,18954.0,A,OK,END,ENID,US,,,Y,Y,"CLASS D SVC 1300-0200Z++ MON-FRI, 1900-2300Z++ SUN, CLSD SAT AND FED HOL; OTHER TIMES BY NOTAM; OTHER TIMES CLASS E",
2025/02/20,19020.0,A,OK,HBR,HOBART,US,,,,Y,,
2025/02/20,19063.0,A,OK,LAW,LAWTON,US,,,Y,Y,CLASS D SVC 0800-1900; OTHER TIMES CLASS E,
2025/02/20,19080.0,A,OK,MLC,MC ALESTER,US,,,,Y,,
2025/02/20,19122.0,A,OK,OUN,NORMAN,US,,,Y,Y,CLASS D SVC 0800-2200; OTHER TIMES CLASS E,
2025/02/20,19135.0,A,OK,TIK,OKLAHOMA CITY,US,,Y,,,,
2025/02/20,19136.0,A,OK,OKC,OKLAHOMA CITY,US,,Y,,,,
2025/02/20,19137.0,A,OK,PWA,OKLAHOMA CITY,US,,,Y,Y,CLASS D SVC 1300-0400Z; OTHER TIMES CLASS E,
2025/02/20,19166.0,A,OK,PNC,PONCA CITY,US,,,,Y,,
2025/02/20,19241.0,A,OK,SWO,STILLWATER,US,,,Y,,CLASS D SVC 0800-2200 DAILY; OTHER TIMES CLASS G,
2025/02/20,19279.1,A,OK,RVS,TULSA,US,,,Y,,CLASS D SVC 0700-2200; OTHER TIMES CLASS G,
2025/02/20,19283.0,A,OK,TUL,TULSA,US,,Y,,,,
2025/02/20,19354.0,A,OR,AST,ASTORIA,US,,,,Y,,
2025/02/20,19356.0,A,OR,UAO,AURORA,US,,,Y,Y,CLASS D SVC 0700-2000; OTHER TIMES CLASS E,
2025/02/20,19358.0,A,OR,BKE,BAKER CITY,US,,,,Y,,
2025/02/20,19371.0,A,OR,BDN,BEND,US,,,,Y,,
2025/02/20,19377.0,A,OR,BNO,BURNS,US,,,,Y,CLASS E SVC 0700-1500; OTHER TIMES CLASS G,
2025/02/20,19434.0,A,OR,EUG,EUGENE,US,,,Y,Y,CLASS D SVC 0600-2330; OTHER TIMES CLASS E,
2025/02/20,19481.0,A,OR,LMT,KLAMATH FALLS,US,,,Y,Y,CLASS D SVC 0700-2000; OTHER TIMES CLASS E,
2025/02/20,19514.0,A,OR,MFR,MEDFORD,US,,,Y,Y,CLASS D SVC 0600-2100; OTHER TIMES CLASS E,
2025/02/20,19538.0,A,OR,ONP,NEWPORT,US,,,,Y,,
2025/02/20,19541.0,A,OR,OTH,NORTH BEND,US,,,Y,Y,CLASS D SVC 0700-2100; OTHER TIMES CLASS E,
2025/02/20,19562.0,A,OR,PDT,PENDLETON,US,,,Y,Y,CLASS D SVC 0600-2000; OTHER TIMES CLASS E,
2025/02/20,19571.0,A,OR,PDX,PORTLAND,US,,Y,,,,
2025/02/20,19571.5,A,OR,HIO,PORTLAND,US,,,Y,Y,CLASS D SVC 0600-2200; OTHER TIMES CLASS E,
2025/02/20,19572.0,A,OR,TTD,PORTLAND,US,,,Y,Y,CLASS D SVC 0700-2200; OTHER TIMES CLASS E,
2025/02/20,19580.0,A,OR,RDM,REDMOND,US,,,Y,Y,CLASS D SVC 0600-2200; OTHER TIMES CLASS E,
2025/02/20,19595.0,A,OR,SLE,SALEM,US,,,Y,Y,CLASS D SVC 0700-2100; OTHER TIMES CLASS E,
2025/02/20,19673.0,A,PA,ABE,ALLENTOWN,US,,Y,,,,
2025/02/20,19685.0,A,PA,AOO,ALTOONA,US,,,,Y,,
2025/02/20,19801.0,A,PA,BVI,BEAVER FALLS,US,,,Y,,"CLASS D SVC 0730-1930 MON-FRI, CLSD SAT-SUN; OTHER TIMES CLASS G",
2025/02/20,19905.0,A,PA,BFD,BRADFORD,US,,,,Y,"CLASS E SVC 0600-2230 MON-FRI, 0600-1830 SAT, 0800-2230 SUN; OTHER TIMES CLASS G",
2025/02/20,20243.1,A,PA,DUJ,DUBOIS,US,,,,Y,"CLASS E SVC 0525-2230 MON-FRI, 0800-1800 SAT, 0800-2230 SUN; OTHER TIMES CLASS G",
2025/02/20,20355.0,A,PA,ERI,ERIE,US,,,Y,Y,CLASS D SVC 0600-2400; OTHER TIMES CLASS E,
2025/02/20,20413.0,H,PA,MUI,FORT INDIANTOWN GAP (ANNVILLE),US,,,Y,,"CLASS D SVC 1300-0600Z++ MON-FRI MAY-AUG, 1300-0500Z++ MON-FRI SEP-APR, CLSD WKEND & HOL, OTHER TIMES CLASS G.",
2025/02/20,20420.0,A,PA,FKL,FRANKLIN,US,,,,Y,CLASS E SVC MON-FRI 0530-2230; SAT 0530-0930; SUN 1830-2230; OTHER TIMES CLASS G.,
2025/02/20,20502.0,A,PA,CXY,HARRISBURG,US,,,Y,Y,CLASS D SVC 0700-2100; OTHER TIMES CLASS E,
2025/02/20,20503.0,A,PA,MDT,HARRISBURG,US,,Y,,,,
2025/02/20,20640.0,A,PA,JST,JOHNSTOWN,US,,,Y,,CLASS D SVC 0700-2300; OTHER TIMES CLASS G,
2025/02/20,20700.0,A,PA,LNS,LANCASTER,US,,,Y,Y,CLASS D SVC 0600-2300; OTHER TIMES CLASS E,
2025/02/20,20724.0,A,PA,LBE,LATROBE,US,,,Y,,CLASS D SVC 0615-2200; OTHER TIMES PPR; OTHER TIMES CLASS G,
2025/02/20,21217.0,A,PA,PHL,PHILADELPHIA,US,Y,,,,,
2025/02/20,21221.0,A,PA,PNE,PHILADELPHIA,US,,,Y,Y,CLASS D SVC 0600-2300; OTHER TIMES CLASS E,
2025/02/20,21251.0,A,PA,AGC,PITTSBURGH,US,,,Y,,,
2025/02/20,21252.0,A,PA,PIT,PITTSBURGH,US,Y,,,,,
2025/02/20,21329.0,A,PA,RDG,READING,US,,,Y,Y,CLASS D SVC 0600-2400; OTHER TIMES CLASS E,
2025/02/20,21545.1,A,PA,UNV,STATE COLLEGE,US,,,Y,Y,CLASS D SVC 0600-2200; OTHER TIMES CLASS E,
2025/02/20,21781.0,A,PA,AVP,WILKES-BARRE/SCRANTON,US,,,Y,,,
2025/02/20,21791.0,A,PA,IPT,WILLIAMSPORT,US,,,Y,Y,CLASS D SVC 0630-2230; OTHER TIMES CLASS E,
2025/02/20,21834.0,A,PA,THV,YORK,US,,,,Y,,
2025/02/20,21990.0,A,RI,OQU,NORTH KINGSTOWN,US,,,Y,,"CLASS D SVC 0800-2300 TUE-FRI, 0900-1700 SAT, 1000-1800 SUN, CLSD MON AND HOL; OTHER TIMES CLASS G",
2025/02/20,22024.0,A,RI,PVD,PROVIDENCE,US,,Y,,Y,"CLASS C SVC SUN-FRI 0530-0030, SAT 0530-0000; OTHER TIMES CLASS E",
2025/02/20,22102.0,A,SC,AND,ANDERSON,US,,,,Y,,
2025/02/20,22124.0,A,SC,NBC,BEAUFORT,US,,,Y,Y,"CLASS D SVC 1200-0400Z++ MON-THU, 1200-2400Z++ FRI, 2000-2200Z++ SUN, CLSD SAT AND HOL, OTHER TIMES BY NOTAM; OTHER TIMES CLASS E",
2025/02/20,22174.0,A,SC,CHS,CHARLESTON,US,,Y,,,,
2025/02/20,22209.0,A,SC,CAE,COLUMBIA,US,,Y,,,,
2025/02/20,22253.0,A,SC,MMT,EASTOVER,US,,,Y,,"CLASS D SVC 1300-0400Z++ MON-FRI, 1300-2100Z++ SAT-SUN, CLSD HOL; OTHER TIMES CLASS G",
2025/02/20,22276.0,A,SC,FLO,FLORENCE,US,,,Y,Y,CLASS D SVC 0630-2200; OTHER TIMES CLASS E,
2025/02/20,22309.0,A,SC,GMU,GREENVILLE,US,,,Y,,CLASS D SVC 0700-2200; OTHER TIMES CLASS G,
2025/02/20,22310.0,A,SC,GYH,GREENVILLE,US,,,Y,,CLASS D SVC 0700-2100; OTHER TIMES CLASS G,
2025/02/20,22316.1,A,SC,GSP,GREER,US,,Y,,Y,CLASS C SVC 0600-2345; OTHER TIMES CLASS E,
2025/02/20,22328.51,A,SC,HXD,HILTON HEAD ISLAND,US,,,Y,,CLASS D SVC 0700-2100; OTHER TIMES CLASS G,
2025/02/20,22444.0,A,SC,MYR,MYRTLE BEACH,US,,Y,,,CLASS C SVC 0600-2300 OTHER TIMES CLASS G,
2025/02/20,22466.0,A,SC,CRE,NORTH MYRTLE BEACH,US,,,Y,,CLASS D SVC 0700-2100; OTHER TIMES CLASS G,
2025/02/20,22531.0,A,SC,SPA,SPARTANBURG,US,,,,Y,CLASS E SVC 0600-1800; OTHER TIMES CLASS G,
2025/02/20,22538.0,A,SC,SSC,SUMTER,US,,Y,Y,,"CLASS C SVC 1100-0300Z++ MON-FRI, CLSD WKEND, FED HOL AND ACC FAMILY DAYS; OTHER TIMES CLASS D",
2025/02/20,22603.0,A,SD,ABR,ABERDEEN,US,,,,Y,CLASS E SVC CONTINUOUS,
2025/02/20,22631.0,A,SD,BKX,BROOKINGS,US,,,,Y,"CLASS E SVC 0530-1930 MON-FRI, 0500-0700 AND 1300-1500 SAT, 1500-1930 SUN; OTHER TIMES CLASS G",
2025/02/20,22702.0,A,SD,HON,HURON,US,,,,Y,,
2025/02/20,22741.0,A,SD,MHE,MITCHELL,US,,,,Y,,
2025/02/20,22762.0,A,SD,PIR,PIERRE,US,,,,Y,,
2025/02/20,22774.0,A,SD,RCA,RAPID CITY,US,,,Y,Y,"CLASS D SVC 1400-0730Z++ MON-THU, 1400-0100Z++ FRI, CLSD SAT, SUN, GLOBAL STRIKE COMD DOWN DAYS & HOL; OTHER TIMES CLASS E",
2025/02/20,22776.0,A,SD,RAP,RAPID CITY,US,,,Y,Y,CLASS D SVC 0600-2200; OTHER TIMES CLASS E,
2025/02/20,22789.0,A,SD,FSD,SIOUX FALLS,US,,,Y,Y,CLASS D SVC 0500-0000; OTHER TIMES CLASS E,
2025/02/20,22822.0,A,SD,ATY,WATERTOWN,US,,,,Y,,
2025/02/20,22844.0,A,SD,YKN,YANKTON,US,,,,Y,,
2025/02/20,22884.0,A,TN,TRI,BRISTOL/JOHNSON/KINGSPORT,US,,,Y,Y,CLASS D SVC 0600-2400; OTHER TIMES CLASS E,
2025/02/20,22899.0,A,TN,CHA,CHATTANOOGA,US,,Y,,Y,CLASS C SVC 0600-2350; OTHER TIMES CLASS E,
2025/02/20,22935.0,A,TN,CSV,CROSSVILLE,US,,,,Y,CLASS E SVC CONTINUOUS,
2025/02/20,22952.0,A,TN,DYR,DYERSBURG,US,,,,Y,CLASS E SVC CONTINUOUS,
2025/02/20,22973.4,A,TN,EOD,FORT CAMPBELL (CLARKSVILLE),US,,,Y,,,
2025/02/20,23023.0,A,TN,MKL,JACKSON,US,,,Y,Y,CLASS D SVC 0700-1900; OTHER TIMES CLASS E,
2025/02/20,23043.0,A,TN,DKX,KNOXVILLE,US,,,,Y,,
2025/02/20,23046.0,A,TN,TYS,KNOXVILLE,US,,Y,,,,
2025/02/20,23097.0,A,TN,MEM,MEMPHIS,US,Y,,,,,
2025/02/20,23103.02,A,TN,NQA,MILLINGTON,US,,,Y,,"CLASS D SVC 0900-0200 MON, 0530-0200 TUE-FRI, 0530-1900 SAT-SUN; OTHER TIMES CLASS G",
2025/02/20,23121.0,A,TN,BNA,NASHVILLE,US,,Y,,,,
2025/02/20,23122.1,A,TN,JWN,NASHVILLE,US,,,Y,,CLASS D SVC 0600-2000; OTHER TIMES CLASS G,
2025/02/20,23189.0,A,TN,MQY,SMYRNA,US,,,Y,,CLASS D SVC 0700-2200 MON-FRI 0700-1900 SAT-SUN; OTHER TIMES CLASS G,
2025/02/20,23286.0,A,TX,DYS,ABILENE,US,,Y,,,,
2025/02/20,23287.0,A,TX,ABI,ABILENE,US,,Y,,,,
2025/02/20,23328.0,A,TX,AMA,AMARILLO,US,,Y,,Y,CLASS C SVC 0600-0000; OTHER TIMES CLASS E,
2025/02/20,23352.1,A,TX,GKY,ARLINGTON,US,,,Y,,CLASS D SVC 0700-2100; OTHER TIMES CLASS G,
2025/02/20,23369.0,A,TX,AUS,AUSTIN,US,,Y,,,,
2025/02/20,23369.39,A,TX,HYI,AUSTIN,US,,,Y,Y,CLASS D SVC 0700-2100 EFF 01 APR 2021; OTHER TIMES CLASS E,
2025/02/20,23373.2,A,TX,EDC,AUSTIN,US,,,Y,Y,CLASS D SVC 0700-2200; OTHER TIMES CLASS E,
2025/02/20,23416.0,A,TX,BPT,BEAUMONT/PORT ARTHUR,US,,,Y,Y,CLASS D SVC 0600-2200; OTHER TIMES CLASS E,
2025/02/20,23499.0,A,TX,BRO,BROWNSVILLE,US,,,Y,Y,CLASS D SVC 0600-0000; OTHER TIMES CLASS E,
2025/02/20,23593.0,A,TX,CDS,CHILDRESS,US,,,,Y,CLASS E SVC CONTINUOUS,
2025/02/20,23635.0,A,TX,CLL,COLLEGE STATION,US,,,Y,Y,CLASS D SVC 0800-2100; OTHER TIMES CLASS E,
2025/02/20,23657.2,A,TX,CRP,CORPUS CHRISTI,US,,Y,,,,
2025/02/20,23658.0,A,TX,NGW,CORPUS CHRISTI,US,,,Y,,"CLASS D SVC 1400-0500Z++ MON-THU, 1400-0100Z++ FRI (DT 1300-0400Z  MON-THU, 1300-0000Z FRI); OTHER TIMES CLASS G",
2025/02/20,23660.0,A,TX,NGP,CORPUS CHRISTI,US,,,Y,Y,,
2025/02/20,23662.0,A,TX,NWL,CORPUS CHRISTI,US,,,Y,,CLASS D SVC 1330Z++-SS MON-FRI EXC HOL; OTHER TIMES CLASS G,
2025/02/20,23708.0,A,TX,DHT,DALHART,US,,,,Y,,
2025/02/20,23710.2,A,TX,RBD,DALLAS,US,,,Y,,CLASS D SVC 0700-2100; OTHER TIMES CLASS G,
2025/02/20,23710.3,A,TX,ADS,DALLAS,US,,,Y,,CLASS D SVC 0600-2200; OTHER TIMES CLASS G,
2025/02/20,23710.38,A,TX,TKI,DALLAS,US,,,Y,,CLASS D SVC 0600-2200; OTHER TIMES CLASS G,
2025/02/20,23710.6,A,TX,DFW,DALLAS-FORT WORTH,US,Y,,,,,
2025/02/20,23713.0,A,TX,DAL,DALLAS,US,Y,,,,,
2025/02/20,23744.0,A,TX,DLF,DEL RIO,US,,Y,,,"CLASS C SVC 1300-0100Z++ MON-FRI, 2100-2359Z SUN EXC HOL; OTHER TIMES CLASS G",
2025/02/20,23750.0,A,TX,DTO,DENTON,US,,,Y,,CLASS D SVC 0600-2200; OTHER TIMES CLASS G,
2025/02/20,23830.0,A,TX,ELP,EL PASO,US,,Y,,,,
2025/02/20,23876.0,A,TX,BIF,FORT BLISS/EL PASO/,US,,,Y,Y,CLASS D SVC 1500-0700Z++ MON-SUN; OTHER TIMES CLASS E,
2025/02/20,23882.2,A,TX,GRK,FORT CAVAZOS (KILLEEN),US,,,Y,,CLASS D SVC CONTINUOUS,
2025/02/20,23882.21,H,TX,HLR,FORT CAVAZOS (KILLEEN),US,,,Y,,,
2025/02/20,23887.0,A,TX,FTW,FORT WORTH,US,,,Y,,,
2025/02/20,23895.0,A,TX,NFW,FORT WORTH,US,,,Y,,,
2025/02/20,23895.11,A,TX,FWS,FORT WORTH,US,,,Y,,CLASS D SVC 0700-2000; OTHER TIMES CLASS G,
2025/02/20,23895.3,A,TX,AFW,FORT WORTH,US,,,Y,,,
2025/02/20,23915.0,A,TX,GLS,GALVESTON,US,,,Y,Y,CLASS D SVC 0600-1800; OTHER TIMES CLASS E,
2025/02/20,23934.0,A,TX,GTU,GEORGETOWN,US,,,Y,Y,CLASS D SVC 0700-2200; OTHER TIMES CLASS E,
2025/02/20,23969.01,A,TX,GPM,GRAND PRAIRIE,US,,,Y,,"CLASS D SVC 0700-2100 DALGT TIME, 0800-1800 STANDARD TIME; OTHER TIMES CLASS G",
2025/02/20,23985.0,A,TX,GVT,GREENVILLE,US,,,Y,,CLASS D SVC 0730-1600 MON-FRI; OTHER TIMES CLASS G,
2025/02/20,24012.0,A,TX,HRL,HARLINGEN,US,,Y,,Y,CLASS C SVC 0600-0000 OTHER TIMES CLASS E,
2025/02/20,24067.3,A,TX,EFD,HOUSTON,US,,,Y,,,
2025/02/20,24067.61,A,TX,SGR,HOUSTON,US,,,Y,Y,CLASS D SVC 0600-2200; OTHER TIMES CLASS E,
2025/02/20,24071.0,A,TX,HOU,HOUSTON,US,Y,,,,,
2025/02/20,24071.1,A,TX,IAH,HOUSTON,US,Y,,,,,
2025/02/20,24071.2,A,TX,TME,HOUSTON,US,,,Y,Y,CLASS D SVC 0700-2100; OTHER TIMES CLASS E,
2025/02/20,24072.1,A,TX,CXO,HOUSTON,US,,,Y,Y,CLASS D SVC 0600-2100; OTHER TIMES CLASS E,
2025/02/20,24073.1,A,TX,DWH,HOUSTON,US,,,Y,,CLASS D SVC 0700-2200; OTHER TIMES CLASS G,
2025/02/20,24163.0,A,TX,ILE,KILLEEN,US,,,,Y,,
2025/02/20,24166.0,A,TX,NQI,KINGSVILLE,US,,,Y,,"CLASS D AIRSPACE SVC MON-THU 1345-0600Z++, FRI 1345-2345Z++, CLSD SAT, SUN AND HOL EXC BY NOTAM, HRS SUBJ TO CHG; OTHER TIMES CLASS G",
2025/02/20,24194.0,A,TX,LRD,LAREDO,US,,,Y,Y,"CLASS D SVC 0600-2400, OTHER TIMES CLASS E",
2025/02/20,24239.0,A,TX,GGG,LONGVIEW,US,,,Y,,CLASS D SVC 0600-2200; OTHER TIMES CLASS G,
2025/02/20,24245.0,A,TX,LBB,LUBBOCK,US,,Y,,,,
2025/02/20,24249.0,A,TX,LFK,LUFKIN,US,,,,Y,,
2025/02/20,24260.0,A,TX,MFE,MC ALLEN,US,,,Y,Y,CLASS D SVC 0600-0000; OTHER TIMES CLASS E,
2025/02/20,24346.5,A,TX,HQZ,MESQUITE,US,,,Y,,CLASS D SVC 0700-2100; OTHER TIMES CLASS G,
2025/02/20,24353.0,A,TX,MAF,MIDLAND,US,,Y,,Y,CLASS C SVC (PER TWR/NOTAM 0600-0000); OTHER TIMES CLASS E,
2025/02/20,24363.0,A,TX,MWL,MINERAL WELLS,US,,,,Y,CLASS E SVC CONTINUOUS,
2025/02/20,24407.0,A,TX,BAZ,NEW BRAUNFELS,US,,,Y,,CLASS D SVC 0700-1900; OTHER TIMES CLASS G,
2025/02/20,24446.0,A,TX,NOG,ORANGE GROVE,US,,,Y,,"CLASS D SVC 1330-2130Z++ MON-FRI, CLSD SAT, SUN AND HOL BY NOTAM; OTHER TIMES CLASS G",
2025/02/20,24462.0,A,TX,PSX,PALACIOS,US,,,,Y,,
2025/02/20,24633.0,A,TX,RKP,ROCKPORT,US,,,,Y,,
2025/02/20,24693.0,A,TX,SJT,SAN ANGELO,US,,,Y,Y,CLASS D SVC 0700-2100; OTHER TIMES CLASS E,
2025/02/20,24704.0,A,TX,SKF,SAN ANTONIO,US,,,Y,,,
2025/02/20,24708.0,A,TX,SSF,SAN ANTONIO,US,,,Y,,CLASS D SVC 0700-2200; OTHER TIMES CLASS G,
2025/02/20,24709.0,A,TX,SAT,SAN ANTONIO,US,,Y,,,,
2025/02/20,24780.0,A,TX,GYI,SHERMAN/DENISON,US,,,Y,,CLASS D SVC 0700-1900; OTHER TIMES CLASS G,
2025/02/20,24895.0,A,TX,TPL,TEMPLE,US,,,,Y,CLASS E SVC 0600-2300; OTHER TIMES CLASS G,
2025/02/20,24947.0,A,TX,TYR,TYLER,US,,,Y,,CLASS D SVC 0630-2130; OTHER TIMES CLASS G,
2025/02/20,24949.0,A,TX,RND,UNIVERSAL CITY,US,,,Y,Y,"CLASS D SVC 1300-0100Z++ MON-FRI,  CLSD SAT-SUN AND FED HOL; OTHER TIMES CLASS E",
2025/02/20,24971.0,A,TX,VCT,VICTORIA,US,,,Y,Y,CLASS D SVC 0700-2200; OTHER TIMES CLASS E,
2025/02/20,24976.0,A,TX,ACT,WACO,US,,,Y,Y,CLASS D SVC 0600-0000; OTHER TIMES CLASS E,
2025/02/20,24980.0,A,TX,CNW,WACO,US,,,Y,Y,CLASS D SVC 0700-2300; OTHER TIMES CLASS E,
2025/02/20,25029.0,A,TX,SPS,WICHITA FALLS,US,,,Y,Y,"CLASS D SVC 1200-0200Z++ MON-FRI, 1800-2300Z++ SUN, CLSD SAT & HOL; OTHER TIMES USE CTAF 119.75 279.525; OTHER TIMES CLASS E",
2025/02/20,25049.0,A,TX,INK,WINK,US,,,,Y,,
2025/02/20,25115.0,A,UT,BCE,BRYCE CANYON,US,,,,Y,,
2025/02/20,25117.0,A,UT,CDC,CEDAR CITY,US,,,,Y,,
2025/02/20,25232.0,A,UT,HIF,OGDEN,US,,,Y,,"CLASS D SVC 1500-0700Z++ MON-SAT, 1600-0000Z++ SAT-SUN, CLSD FEDERAL HOL; OTHER TIMES CLASS G",
2025/02/20,25233.0,A,UT,OGD,OGDEN,US,,,Y,,CLASS D SVC 0700-2000; OTHER TIMES CLASS G,
2025/02/20,25269.0,A,UT,PVU,PROVO,US,,,Y,Y,CLASS D SVC 0700-2100; OTHER TIMES CLASS E,
2025/02/20,25282.02,A,UT,SGU,ST GEORGE,US,,,,Y,CLASS E SVC CONTINUOUS,
2025/02/20,25289.0,A,UT,SLC,SALT LAKE CITY,US,Y,,,,,
2025/02/20,25324.0,A,UT,VEL,VERNAL,US,,,,Y,"CLASS E SVC 0600-1400 AND 1600-2000 MON-FRI, 0600-1600 SAT, 1000-1400 AND 1600-2000 SUN; OTHER TIMES CLASS G",
2025/02/20,25348.0,A,VT,MPV,BARRE/MONTPELIER,US,,,,Y,,
2025/02/20,25385.0,A,VT,BTV,BURLINGTON,US,,Y,,Y,CLASS C SVC 0530-0000; OTHER TIMES CLASS E,
2025/02/20,25647.0,A,VA,BKT,BLACKSTONE,US,,,Y,,"CLASS D SVC MON-FRI 1300-2100Z++, EXC FED HOLS, OTHER TIMES BY NOTAM; OTHER TIMES CLASS G",
2025/02/20,25666.0,A,VA,CHO,CHARLOTTESVILLE,US,,,Y,Y,CLASS D SVC 0600-2300; OTHER TIMES CLASS E,
2025/02/20,25725.0,A,VA,DAN,DANVILLE,US,,,,Y,CLASS E SVC CONTINUOUS,
2025/02/20,25775.01,A,VA,DAA,FORT BELVOIR,US,,,Y,,CLASS D SVC 1100-0230Z++ MON-FRI EXC HOL; OTHER TIMES CLASS G,
2025/02/20,25775.3,A,VA,FAF,FORT EUSTIS,US,,,Y,,CLASS D SVC 1200-0400Z++ MON-FRI EXC FED HOL; OTHER TIMES CLASS G,
2025/02/20,25815.0,A,VA,LFI,HAMPTON,US,,,Y,,,
2025/02/20,25830.0,A,VA,HSP,HOT SPRINGS,US,,,,Y,CLASS E SVC 1000-1800; OTHER TIMES CLASS G,
2025/02/20,25863.0,A,VA,LYH,LYNCHBURG,US,,,Y,Y,CLASS D SVC 0630-2230; OTHER TIMES CLASS E,
2025/02/20,25897.0,A,VA,PHF,NEWPORT NEWS,US,,,Y,Y,CLASS D SVC 0600-2300; OTHER TIMES CLASS E,
2025/02/20,25903.0,A,VA,NGU,NORFOLK,US,,,Y,,,
2025/02/20,25905.0,A,VA,ORF,NORFOLK,US,,Y,,,,
2025/02/20,25959.0,A,VA,NYG,QUANTICO,US,,,Y,,"CLASS D SVC 1300-0200Z++ MON-THU, 1300-2200Z++ FRI, OPR SAT, SUN, AND HOL BY NOTAM ONLY; OTHER TIMES CLASS G",
2025/02/20,25977.0,A,VA,RIC,RICHMOND,US,,Y,,,,
2025/02/20,25986.0,A,VA,ROA,ROANOKE,US,,Y,,Y,CLASS C SVC CONTINUOUS,
2025/02/20,26022.1,A,VA,SHD,STAUNTON/WAYNESBORO/HARRISONBURG,US,,,,Y,,
2025/02/20,26043.11,A,VA,NTU,VIRGINIA BEACH,US,,,Y,Y,CLASS D SVC 0500-0459Z++; OTHER TIMES CLASS E,
2025/02/20,26047.8,A,VA,WAL,WALLOPS ISLAND,US,,,Y,Y,CLASS D SVC 1300-2200Z++ MON-FRI EXC FED HOL AND BY NOTAM; OTHER TIMES CLASS E,
2025/02/20,26109.0,A,WA,BLI,BELLINGHAM,US,,,Y,Y,CLASS D SVC 0700-2230; OTHER TIMES CLASS E,
2025/02/20,26120.0,A,WA,PWT,BREMERTON,US,,,,Y,CLASS E SVC CONTINUOUS,
2025/02/20,26184.0,A,WA,DEW,DEER PARK,US,,,,Y,,
2025/02/20,26204.0,A,WA,EPH,EPHRATA,US,,,,Y,CLASS E SVC 0600-2200; OTHER TIMES CLASS G,
2025/02/20,26210.0,A,WA,PAE,EVERETT,US,,,Y,Y,CLASS D SVC 0700-2100; OTHER TIMES CLASS E,
2025/02/20,26216.0,A,WA,GRF,FORT LEWIS/TACOMA,US,,,Y,Y,"CLASS D SVC 24 HOURS, CLSD HOL; OTHER TIMES CLASS E",
2025/02/20,26236.0,A,WA,HQM,HOQUIAM,US,,,,Y,,
2025/02/20,26307.0,A,WA,MWH,MOSES LAKE,US,,,Y,Y,CLASS D SVC 0600-2200; OTHER TIMES CLASS E,
2025/02/20,26323.0,A,WA,NUW,OAK HARBOR,US,,Y,,,CLASS C SVC CONTINUOUS,
2025/02/20,26327.0,A,WA,OLM,OLYMPIA,US,,,Y,Y,CLASS D SVC 0800-2000; OTHER TIMES CLASS E,
2025/02/20,26345.0,A,WA,PSC,PASCO,US,,,Y,Y,CLASS D SVC 0600-2200; OTHER TIMES CLASS E,
2025/02/20,26357.0,A,WA,CLM,PORT ANGELES,US,,,,Y,,
2025/02/20,26358.0,A,WA,NOW,PORT ANGELES,US,,,,Y,,
2025/02/20,26372.0,A,WA,PUW,PULLMAN/MOSCOW,US,,,,Y,"CLASS E SVC 0600-2200 MON-FRI, 0900-1600 SAT, 1100-2200 SUN; OTHER TIMES CLASS G",
2025/02/20,26381.0,A,WA,RNT,RENTON,US,,,Y,,"CLASS D SVC 0700-2000 OCT 1-APR 30, 0700-2100 MAY 1-SEP 30; OTHER TIMES CLASS G",
2025/02/20,26395.0,A,WA,SEA,SEATTLE,US,Y,,Y,,,
2025/02/20,26396.0,A,WA,BFI,SEATTLE,US,,,Y,,,
2025/02/20,26416.0,A,WA,GEG,SPOKANE,US,,Y,,,,
2025/02/20,26417.0,A,WA,SFF,SPOKANE,US,,,Y,Y,CLASS D SVC 0600-2000; OTHER TIMES CLASS E,
2025/02/20,26419.0,A,WA,SKA,SPOKANE,US,,Y,,,,
2025/02/20,26432.0,A,WA,TCM,TACOMA,US,,,Y,,,
2025/02/20,26434.4,A,WA,TIW,TACOMA,US,,,Y,Y,CLASS D SVC 0800-2000; OTHER TIMES CLASS E,
2025/02/20,26444.0,A,WA,VUO,VANCOUVER,US,,,,Y,,
2025/02/20,26450.0,A,WA,ALW,WALLA WALLA,US,,,Y,Y,CLASS D SVC 0600-1830; OTHER TIMES CLASS E,
2025/02/20,26461.0,A,WA,EAT,WENATCHEE,US,,,,Y,,
2025/02/20,26480.0,A,WA,YKM,YAKIMA,US,,,Y,Y,CLASS D SVC 0600-2200; OTHER TIMES CLASS E,
2025/02/20,26520.0,A,WV,BKW,BECKLEY,US,,,,Y,,
2025/02/20,26536.0,A,WV,BLF,BLUEFIELD,US,,,,Y,CLASS E SVC 0525-2125; OTHER TIMES CLASS G,
2025/02/20,26575.0,A,WV,CRW,CHARLESTON,US,,Y,,,,
2025/02/20,26582.0,A,WV,CKB,CLARKSBURG,US,,,Y,,CLASS D SVC 0700-2300; OTHER TIMES CLASS G,
2025/02/20,26627.0,A,WV,EKN,ELKINS,US,,,,Y,CLASS E SVC 0700-2300; OTHER TIMES CLASS G,
2025/02/20,26693.0,A,WV,HTS,HUNTINGTON,US,,,Y,,,
2025/02/20,26713.0,A,WV,LWB,LEWISBURG,US,,,Y,,CLASS D SVC 0900-1900; OTHER TIMES CLASS G,
2025/02/20,26744.0,A,WV,MRB,MARTINSBURG,US,,,Y,Y,"CLASS D SVC 1200-0400Z++ MON-FRI, 1300-2100Z++ SAT-SUN; OTHER TIMES BY NOTAM; OTHER TIMES CLASS E",
2025/02/20,26768.0,A,WV,MGW,MORGANTOWN,US,,,Y,Y,CLASS D SVC 0700-2300; OTHER TIMES CLASS E,
2025/02/20,26820.0,A,WV,PKB,PARKERSBURG,US,,,Y,Y,CLASS D SVC 0700-2300; OTHER TIMES CLASS E,
2025/02/20,26948.0,A,WV,HLG,WHEELING,US,,,Y,,"CLASS D SVC 0700-2200 MON-FRI, 1000-2000 SAT-SUN; OTHER TIMES CLASS G",
2025/02/20,27013.1,A,WI,ATW,APPLETON,US,,,Y,,CLASS D SVC 0530-2300; OTHER TIMES CLASS G,
2025/02/20,27085.0,A,WI,VOK,CAMP DOUGLAS,US,,,Y,,"CLASS D SVC 1400-2200Z++ MON-FRI, EXC HOL, CLSD OTHER TIMES EXC VALIDATES OVERSEAS OR ANG MSN, CK NOTAM FOR CURRENT AFLD HR; OTHER TIMES CLASS G",
2025/02/20,27170.0,A,WI,EAU,EAU CLAIRE,US,,,Y,Y,CLASS D SVC 0530-2030; OTHER TIMES CLASS E,
2025/02/20,27234.0,A,WI,GRB,GREEN BAY,US,,Y,,Y,CLASS C SVC 0530-2330; OTHER TIMES CLASS E,
2025/02/20,27272.0,A,WI,JVL,JANESVILLE,US,,,Y,,CLASS D SVC 0600-2100; OTHER TIMES CLASS G,
2025/02/20,27286.1,A,WI,ENW,KENOSHA,US,,,Y,Y,CLASS D SVC 0700-2100; OTHER TIMES CLASS E,
2025/02/20,27304.0,A,WI,LSE,LA CROSSE,US,,,Y,Y,CLASS D SVC 0600-2100; OTHER TIMES CLASS E,
2025/02/20,27346.0,A,WI,MSN,MADISON,US,,Y,,Y,CLASS C SVC 0600-2300; OTHER TIMES CLASS E,
2025/02/20,27386.0,A,WI,MWC,MILWAUKEE,US,,,Y,,CLASS D SVC 0700-2100; OTHER TIMES CLASS G,
2025/02/20,27388.0,A,WI,MKE,MILWAUKEE,US,,Y,,,,
2025/02/20,27390.1,A,WI,MRJ,MINERAL POINT,US,,,,Y,,
2025/02/20,27406.31,A,WI,CWA,MOSINEE,US,,,Y,Y,CLASS D SVC 0600-2200; OTHER TIMES CLASS E,
2025/02/20,27469.0,A,WI,OSH,OSHKOSH,US,,,Y,,CLASS D SVC 0600-2200; OTHER TIMES CLASS G,
2025/02/20,27524.0,A,WI,RHI,RHINELANDER,US,,,,Y,"CLASS E SVC 0600-2200 MON-FRI, 0600-1930 SAT, 1000-2200 SUN; OTHER TIMES CLASS G",
2025/02/20,27578.1,A,WI,CMY,SPARTA,US,,,Y,,CLASS D SVC 1400-2200Z++ MON-FRI EXC FED HOL; OTHER TIMES CLASS G,
2025/02/20,27661.0,A,WI,UES,WAUKESHA,US,,,Y,,CLASS D SVC 0600-2100; OTHER TIMES CLASS G,
2025/02/20,27754.0,A,WY,CPR,CASPER,US,,,Y,Y,CLASS D SVC 0500-2100; OTHER TIMES CLASS E,
2025/02/20,27759.0,A,WY,CYS,CHEYENNE,US,,,Y,Y,CLASS D SVC 0600-2200; OTHER TIMES CLASS E,
2025/02/20,27765.0,A,WY,COD,CODY,US,,,,Y,CLASS E SVC CONTINUOUS,
2025/02/20,27789.0,A,WY,GCC,GILLETTE,US,,,,Y,CLASS E SVC 1300-0600Z++; OTHER TIMES CLASS G,
2025/02/20,27805.0,A,WY,GUR,GUERNSEY,US,,,Y,Y,"CLASS D SVC 1400-0500Z++ 01 APR - 30 SEP, 1500-0600Z++ 01 OCT- 31 MAR, MON-FRI EXC HOL; OTHER TIMES CLASS E",
2025/02/20,27813.0,A,WY,JAC,JACKSON,US,,,Y,Y,CLASS D SVC 0700-2130; OTHER TIMES CLASS E.,
2025/02/20,27819.0,A,WY,EMM,KEMMERER,US,,,,Y,,
2025/02/20,27834.0,A,WY,LAR,LARAMIE,US,,,,Y,,
2025/02/20,27873.0,A,WY,RWL,RAWLINS,US,,,,Y,CLASS E SVC 0600-2200; OTHER TIMES CLASS G,
2025/02/20,27876.0,A,WY,RIW,RIVERTON,US,,,,Y,,
2025/02/20,27878.0,A,WY,RKS,ROCK SPRINGS,US,,,,Y,,
2025/02/20,27882.0,A,WY,SHR,SHERIDAN,US,,,,Y,,
2025/02/20,27905.0,A,WY,WRL,WORLAND,US,,,,Y,CLASS E SVC 0630-2230; OTHER TIMES CLASS G,
2025/02/20,50034.0,A,AK,ANC,ANCHORAGE,US,,Y,,,,
2025/02/20,50035.0,A,AK,MRI,ANCHORAGE,US,,,Y,Y,CLASS D SVC 0700-2200L; OTHER TIMES CLASS E.,
2025/02/20,50036.0,A,AK,EDF,ANCHORAGE,US,,,Y,Y,CLASS D SVC CONTINUOUS,
2025/02/20,50036.5,A,AK,FRN,FORT RICHARDSON (ANCHORAGE),US,,,Y,,CLASS D SVC MON-FRI 1500-0700Z++ EXCEPT FED HOLS OR AS NOTAM; OTHER TIMES CLASS G,
2025/02/20,50037.0,A,AK,LHD,ANCHORAGE,US,,,Y,,,
2025/02/20,50038.0,A,AK,ANI,ANIAK,US,,,,Y,CLASS E SVC 0600-2359; OTHER TIMES CLASS G,
2025/02/20,50054.3,A,AK,BRW,UTQIAGVIK,US,,,,Y,CLASS E SVC CONTINUOUS,
2025/02/20,50061.1,A,AK,BET,BETHEL,US,,,Y,Y,CLASS D SVC 0700-2200 1 APR- 31 OCT; 0700-2000 1 NOV-31 MAR; OTHER TIMES CLASS E,
2025/02/20,50062.0,A,AK,BTT,BETTLES,US,,,,Y,CLASS E SVC CONTINUOUS,
2025/02/20,50114.0,A,AK,CDB,COLD BAY,US,,,,Y,,
2025/02/20,50124.0,A,AK,CDV,CORDOVA,US,,,,Y,CLASS E SVC CONTINOUS,
2025/02/20,50140.7,A,AK,SCC,DEADHORSE,US,,,,Y,CLASS E SVC CONTINUOUS,
2025/02/20,50146.0,A,AK,BIG,DELTA JUNCTION FT GREELY,US,,,Y,Y,CLASS D SVC 1715-0100Z++ MON-FRI EXCEPT FED HOLS; OTHER TIMES CLASS E,
2025/02/20,50153.0,A,AK,DLG,DILLINGHAM,US,,,,Y,CLASS E SVC 0745-2345; OTHER TIMES CLASS G,
2025/02/20,50216.0,A,AK,FBK,FAIRBANKS/FT WAINWRIGHT,US,,,Y,,CLASS D SVC 1700-0800Z++ MON-FRI EXC HOLS; OTR TIMES BY NOTAM; OTR TIMES CLASS G.,
2025/02/20,50217.0,A,AK,EIL,FAIRBANKS,US,,,Y,Y,CLASS D SVC 1600-0800Z++; OTHER TIMES CLASS E,
2025/02/20,50219.0,A,AK,FAI,FAIRBANKS,US,,,Y,,,
2025/02/20,50235.0,A,AK,FYU,FORT YUKON,US,,,,Y,CLASS E SVC CONTINUOUS,
2025/02/20,50258.0,A,AK,GAL,GALENA,US,,,,Y,CLASS E SVC CONTINUOUS,
2025/02/20,50281.0,A,AK,GKN,GULKANA,US,,,,Y,CLASS E SVC 0600-2130; OTHER TIMES CLASS G,
2025/02/20,50320.0,A,AK,HOM,HOMER,US,,,,Y,CLASS E SVC 0600-2130; OTHER TIMES CLASS G,
2025/02/20,50340.0,A,AK,ILI,ILIAMNA,US,,,,Y,CLASS E SVC 0545-2145; OTHER TIMES CLASS G,
2025/02/20,50385.0,A,AK,JNU,JUNEAU,US,,,Y,Y,"CLASS D SVC 1 APR - SEP 30 0600-2300, 1 OCT-MAR 31 0700-2000; OTHER TIMES CLASS E",
2025/02/20,50410.0,A,AK,ENA,KENAI,US,,,Y,Y,"CLASS D SVC 0600-2200 MAY 1-SEPT 30, 0700-2100 OCT 1-APR 30; OTHER TIMES CLASS E",
2025/02/20,50412.03,A,AK,KTN,KETCHIKAN,US,,,,Y,CLASS E SVC CONTINOUS,
2025/02/20,50416.0,A,AK,AKN,KING SALMON,US,,,Y,Y,"CLASS D SVC 0800-2000 AUG 1-JUN 14, 0800-2200 JUN 15-JUL 31; OTHER TIMES CLASS E",
2025/02/20,50425.0,A,AK,ADQ,KODIAK,US,,,Y,,"CLASS D SVC 0630-2000 1 OCT-31 MAR, 0700-2200 1 APR-30 SEP; OTHER TIMES CLASS G",
2025/02/20,50429.0,A,AK,OTZ,KOTZEBUE,US,,,,Y,CLASS E SVC CONTINUOUS,
2025/02/20,50467.0,A,AK,MCG,MC GRATH,US,,,,Y,,
2025/02/20,50540.0,A,AK,OME,NOME,US,,,,Y,CLASS E SVC CONTINUOUS,
2025/02/20,50544.0,A,AK,ORT,NORTHWAY,US,,,,Y,CLASS E SVC CONTINUOUS,
2025/02/20,50680.8,A,AK,KSM,ST MARY'S,US,,,,Y,CLASS E SVC 0600-2359; OTHER TIMES CLASS G,
2025/02/20,50703.0,A,AK,SIT,SITKA,US,,,,Y,,
2025/02/20,50738.0,A,AK,TKA,TALKEETNA,US,,,,Y,CLASS E SVC 0800-2000; OTHER TIMES CLASS G,
2025/02/20,50746.0,A,AK,TAL,TANANA,US,,,,Y,CLASS E SVC 0600-2130; OTHER TIMES CLASS G,
2025/02/20,50799.0,A,AK,UNK,UNALAKLEET,US,,,,Y,CLASS E SVC 0600-1900; OTHER TIMES CLASS G,
2025/02/20,50920.0,A,AK,YAK,YAKUTAT,US,,,,Y,CLASS E SVC CONTINUOUS,
2025/02/20,51510.0,A,GU,GUM,GUAM,US,,,Y,,,
2025/02/20,51510.2,A,GU,UAM,YIGO,US,,,Y,,,
2025/02/20,51516.2,A,,KWA,KWAJALEIN,MH,,,Y,,"CLASS D SVC 2000-0400Z TUE-SAT, EXC FED HOL; OTHER TIMES CLASS G",
2025/02/20,51523.2,A,MP,GSN,SAIPAN ISLAND,US,,,Y,,,
2025/02/20,52095.0,A,HI,ITO,HILO,US,,,Y,Y,CLASS D SVC 0600-2200; OTHER TIMES CLASS E,
2025/02/20,52161.0,A,HI,HNL,HONOLULU,US,Y,,,,,
2025/02/20,52240.0,A,HI,OGG,KAHULUI,US,,Y,,Y,"CLASS C SVC 0600-2300 (MAR-NOV), 0600-2400 (NOV-MAR); OTHER TIMES CLASS E",
2025/02/20,52250.2,A,HI,KOA,KAILUA/KONA,US,,,Y,Y,CLASS D SVC 0600-2200; OTHER TIMES CLASS E,
2025/02/20,52276.0,A,HI,MUE,KAMUELA,US,,,,Y,,
2025/02/20,52278.0,A,HI,NGF,KANEOHE,US,,,Y,Y,"CLASS D SVC 1700-1000Z MON-THU, 1700-0800Z FRI, 1800-0300Z SAT (CLASS D SVC ONLY), CLSD SUN AND FED HOL; OTHER TIMES CLASS E",
2025/02/20,52282.0,A,HI,JRF,KAPOLEI,US,,,Y,Y,CLASS D SVC 0600-2200; OTHER TIMES CLASS E,
2025/02/20,52294.0,A,HI,MKK,KAUNAKAKAI,US,,,Y,Y,CLASS D SVC 0600-1830; OTHER TIMES CLASS E,
2025/02/20,52302.1,A,HI,BKH,"KEKAHA,KAUAI",US,,,Y,,CLASS D SVC 0700-1800 MON-FRI EXC HOL; OTHER TIMES BY OPE NEC ONLY; OTHER TIMES CLASS G,
2025/02/20,52390.0,A,HI,JHM,LAHAINA,US,,,,Y,CLASS E SVC 0600-1830; OTHER TIMES CLASS G,
2025/02/20,52402.0,A,HI,LNY,LANAI CITY,US,,,,Y,CLASS E SVC CONTINUOUS,
2025/02/20,52420.0,A,HI,LIH,LIHUE,US,,,Y,Y,CLASS D SVC 0600-2200; OTHER TIMES CLASS E,
2025/02/20,52550.1,A,HI,BSF,CAMP POHAKULOA,US,,,Y,,CLASS D SVC 1715-0100Z MON-FRI EXC HOL; OTHER TIMES CLASS G,
2025/02/20,52587.0,A,HI,HHI,WAHIAWA,US,,,Y,Y,"CLASS D SVC 1730-0900Z MON-FRI EXC HOL AND WKEND, OT BY NOTAM; OTHER TIMES CLASS E",
2025/02/20,52653.0,A,QM,MDY,MIDWAY ATOLL,US,,,,Y,,
2025/02/20,53004.0,A,PR,BQN,AGUADILLA,US,,,Y,,,
2025/02/20,53120.0,A,PR,MAZ,MAYAGUEZ,US,,,,Y,CLASS E SVC 0700-2000; OTHER TIMES CLASS G,
2025/02/20,53146.0,A,PR,PSE,PONCE,US,,,,Y,CLASS E SVC 0700-1800; OTHER TIMES CLASS G,
2025/02/20,53180.0,A,PR,SIG,SAN JUAN,US,,,Y,,CLASS D SVC 0700-1900; OTHER TIMES CLASS G,
2025/02/20,53180.1,A,PR,SJU,SAN JUAN,US,,Y,,,,
2025/02/20,55027.0,A,VI,STT,CHARLOTTE AMALIE,US,,Y,,,CLASS C SVC (ST THOMAS) 0700-2230 ATCT CLOSES 1 HR EARLIER DRG DT CTC SAN JUAN CENTER APP/DEP CNTL OTHER TIMES CLASS G,
2025/02/20,55030.0,A,VI,STX,CHRISTIANSTED,US,,,Y,,CLASS D SVC 0700-2200; OTHER TIMES CLASS G,
2025/02/20,90680.0,A,,TQPF,THE VALLEY,AI,,,Y,,1100-0200Z UTC-4,
2025/02/20,90715.0,A,,MYGF,FREEPORT,BS,,,Y,,1100-0300Z++ UTC-5(-4DT) OT PPR,
2025/02/20,90730.0,A,,MYNN,NASSAU,BS,,,Y,,,
2025/02/20,90780.0,A,,TXKF,HAMILTON,BM,,,Y,,1100-0300Z++ UTC-4(-3DT),(AIRSPACE_HRS) CLASS E AIRSPACE OTR HR.
2025/02/20,90790.0,A,,TUPJ,ROADTOWN,VG,,,Y,,1100-0200Z UTC-4,
2025/02/20,90875.0,A,,TNCM,PHILIPSBURG,AN,,Y,,,CLASS C SVC 1100-0100Z UTC-4,
2025/02/20,90960.0,A,,MBPV,PROVIDENCIALES,TC,,,Y,,1100-0100Z++ UTC-5(-4DT),
