EFF_DATE,ROUTE_TYPE_CODE,ROUTE_ID,ARTCC,FSS,TIME_OF_USE
2025/02/20,IR,002,ZTL,,CONTINUOUS
2025/02/20,IR,012,ZDC,,CONTINUOUS
2025/02/20,IR,016,ZJX,,CONTINUOUS
2025/02/20,IR,017,ZJX ZTL,,1200-0400Z++
2025/02/20,IR,018,ZJX,,0700-2400 LOCAL DAILY
2025/02/20,IR,019,ZJX,,0700-2400 LOCAL DAILY
2025/02/20,IR,020,ZJX ZMA,,0700-2400 LOCAL DAILY
2025/02/20,IR,021,ZJX ZTL,,"1200-0400Z++ MON-FRI, OCCASIONALLY ON WEEKENDS"
2025/02/20,IR,022,ZDC ZTL,,"1200-0400Z++ WEEKDAYS, OCCASIONAL WEEKENDS"
2025/02/20,IR,023,ZJX,,CONTINUOUS
2025/02/20,IR,030,ZHU ZJX ZTL,,"DAYLIGHT HOURS ONLY, DAILY"
2025/02/20,IR,031,ZHU ZJX ZTL,,"DAYLIGHT HOURS ONLY, DAILY"
2025/02/20,IR,032,ZJX,,DAYLIGHT HOURS
2025/02/20,IR,033,ZJX,,DAYLIGHT HOURS
2025/02/20,IR,034,ZMA,,0600-2400 LOCAL
2025/02/20,IR,035,ZDC,,"0600-2200 LOCAL, DAILY"
2025/02/20,IR,036,,,"0600-2200 LOCAL, DAILY"
2025/02/20,IR,037,ZHU ZME,,"MON-FRI 1200-0400Z++, OCCASIONAL WEEKENDS"
2025/02/20,IR,038,ZHU,,"SUNRISE-SUNSET, MON-FRI, OCCASIONAL WEEKENDS"
2025/02/20,IR,040,ZHU ZME,,MON-FRI 1200-0400Z++ OCCASIONAL WEEKENDS
2025/02/20,IR,044,ZME,,SUNRISE-SUNSET
2025/02/20,IR,046,ZJX ZMA,,"0700-2400 LOCAL, DAILY"
2025/02/20,IR,047,ZMA,,"0700-2400 LOCAL, DAILY"
2025/02/20,IR,048,ZMA,,"0700-2400 LOCAL, DAILY"
2025/02/20,IR,049,ZMA,,"0700-2400 LOCAL, DAILY"
2025/02/20,IR,050,ZMA,,"0700-2400 LOCAL, DAILY"
2025/02/20,IR,051,ZMA,,"0700-2400 LOCAL, DAILY"
2025/02/20,IR,053,ZMA,,"0600-2400 LOCAL, DAILY"
2025/02/20,IR,055,ZMA,,"0600-2400 LOCAL, DAILY"
2025/02/20,IR,056,ZMA,,0600-2400 LOCAL
2025/02/20,IR,057,ZJX ZTL,,CONTINUOUS
2025/02/20,IR,059,ZJX ZTL,,CONTINUOUS
2025/02/20,IR,062,ZDC,,CONTINUOUS
2025/02/20,IR,066,ZME ZTL,,SUNRISE-SUNSET MON-FRI
2025/02/20,IR,067,ZME ZTL,,SUNRISE-SUNSET MON-FRI
2025/02/20,IR,068,ZME,,SUNRISE-SUNSET MON-FRI
2025/02/20,IR,070,ZFW ZME,,SUNRISE-SUNSET DAILY
2025/02/20,IR,077,ZME ZTL,,1200-0400Z WEEKDAYS
2025/02/20,IR,078,ZME ZTL,,1200-0400Z WEEKDAYS
2025/02/20,IR,079,ZID ZTL,,1200-0400Z++ MON-FRI; OCCASIONAL WEEKENDS
2025/02/20,IR,080,ZDC ZID ZTL,,1200-0400Z++ MON-FRI; OCCASIONAL WEEKENDS.
2025/02/20,IR,081,ZDC ZTL,,1200-0400Z++ MON-FRI; OCCASIONAL WEEKENDS
2025/02/20,IR,082,ZTL,,1200-0400Z++ MON-FRI; OCCASIONAL WEEKENDS
2025/02/20,IR,083,ZDC ZTL,,1200-0400Z++ MON-FRI; OCCASIONAL WEEKENDS
2025/02/20,IR,090,,,"1200-2300Z++, MON-FRI"
2025/02/20,IR,091,ZME,,SUNRISE-SUNSET MON-FRI
2025/02/20,IR,103,ZFW,,0700-2200 LOCAL; OT BY NOTAM
2025/02/20,IR,105,ZFW,,0700-2200 LOCAL; OT BY NOTAM.
2025/02/20,IR,107,ZAB,,CONTINUOUS
2025/02/20,IR,109,ZAB ZDV,,CONTINUOUS
2025/02/20,IR,111,ZAB,,CONTINUOUS
2025/02/20,IR,112,ZAB ZDV,,CONTINUOUS
2025/02/20,IR,113,ZAB,,CONTINUOUS
2025/02/20,IR,117,ZFW ZME,,CONTINUOUS
2025/02/20,IR,120,ZME,,CONTINUOUS
2025/02/20,IR,121,ZFW ZME,,CONTINUOUS
2025/02/20,IR,123,ZFW ZHU,,0700-2200 LOCAL; OT BY NOTAM
2025/02/20,IR,124,ZFW ZHU,,0700-2200 LOCAL; OT BY NOTAM
2025/02/20,IR,126,ZDV ZLA ZLC,,CONTINUOUS
2025/02/20,IR,127,ZFW ZHU,,SR TO SS M-F
2025/02/20,IR,128,ZAB ZFW,,CONTINUOUS
2025/02/20,IR,129,ZFW ZHU,,SR TO SS M-F
2025/02/20,IR,133,ZAB,,0700-2300 LOCAL
2025/02/20,IR,134,ZAB,,SUNRISE-0600Z++
2025/02/20,IR,135,ZHU,,"SUNRISE-SUNSET, DAILY"
2025/02/20,IR,136,ZHU,,"SUNRISE-SUNSET, DAILY"
2025/02/20,IR,137,ZAB ZDV,,CONTINUOUS
2025/02/20,IR,139,ZFW ZHU,,0700-2200 LOCAL; OT BY NOTAM
2025/02/20,IR,142,ZAB,,0700-2300 LOCAL
2025/02/20,IR,145,ZFW ZKC,,SEE GENERAL REMARKS
2025/02/20,IR,146,ZKC,,SEE GENERAL REMARKS
2025/02/20,IR,147,ZHU,,"SUNRISE TO 30 MINUTES AFTER SUNSET, DAILY"
2025/02/20,IR,148,ZHU,,DAILY 0600-2230 LOCAL
2025/02/20,IR,149,ZHU,,0600-2230L DLY
2025/02/20,IR,154,ZAB ZFW,,0830-0230 LOCAL MON-FRI
2025/02/20,IR,155,ZAB ZFW,,0830-0230 LOCAL MON-FRI
2025/02/20,IR,164,ZFW ZME,,CONTINUOUS
2025/02/20,IR,166,ZHU,,"0600-2400 LOCAL, DAILY"
2025/02/20,IR,167,ZHU,,0600-2400L
2025/02/20,IR,169,ZFW ZHU,,SUNRISE-SUNSET DAILY
2025/02/20,IR,170,ZHU,,SUNRISE-SUNSET DAILY
2025/02/20,IR,171,ZFW ZKC,,SEE GENERAL REMARKS
2025/02/20,IR,172,ZAB ZFW ZKC,,SEE GENERAL REMARKS
2025/02/20,IR,173,ZAB ZKC,,SEE GENERAL REMARKS
2025/02/20,IR,174,ZME,,CONTINUOUS
2025/02/20,IR,175,ZKC,,SEE GENERAL REMARKS
2025/02/20,IR,177,ZAB ZDV ZKC,,0930-0230 MON-FRI
2025/02/20,IR,178,ZAB ZFW,,CONTINUOUS
2025/02/20,IR,180,ZAB ZFW,,CONTINUOUS
2025/02/20,IR,181,ZFW ZKC,,SEE GENERAL REMARKS
2025/02/20,IR,182,ZAB ZFW ZKC,,SEE GENERAL REMARKS
2025/02/20,IR,183,ZAB ZKC,,SEE GENERAL REMARKS
2025/02/20,IR,185,ZKC,,SEE GENERAL REMARKS
2025/02/20,IR,192,ZAB ZFW,,SUNRISE-0600Z++
2025/02/20,IR,193,,,"0830-0230 LOCAL, MON-FRI"
2025/02/20,IR,194,ZAB ZFW,,SUNRISE-0600Z++
2025/02/20,IR,195,ZAB,,SUNRISE-0600Z++
2025/02/20,IR,200,ZLA ZLC ZOA,,SUNRISE-SUNSET BY NOTAM
2025/02/20,IR,203,ZLA ZOA,,"DAYLIGHT HOURS, OT BY NOTAM."
2025/02/20,IR,206,ZOA,,DAYLIGHT HOURS BY NOTAM.
2025/02/20,IR,207,ZOA,,"DAYLIGHT HOURS, OT BY NOTAM"
2025/02/20,IR,211,ZLA,,CONTINUOUS
2025/02/20,IR,212,ZLA,,CONTINUOUS
2025/02/20,IR,213,ZAB ZLA,,CONTINUOUS
2025/02/20,IR,214,ZAB ZLA,,EVEN NUMBERED DAYS ONLY
2025/02/20,IR,216,ZLA,,EVEN NUMBERED DAYS - DAYLIGHT ONLY
2025/02/20,IR,217,ZLA,,CONTINUOUS
2025/02/20,IR,218,ZAB ZLA,,CONTINUOUS
2025/02/20,IR,234,ZLC,,DAYLIGHT HOURS BY NOTAM.
2025/02/20,IR,235,ZLC,,DAYLIGHT HOURS BY NOTAM
2025/02/20,IR,237,ZLC,,SUNRISE TO SUNSET
2025/02/20,IR,238,ZLC,,SUNRISE TO SUNSET
2025/02/20,IR,250,ZAB ZLA,,DAYLIGHT HOURS ON EVEN NUMBERED  DAYS
2025/02/20,IR,252,ZLA,,DAYLIGHT HOURS ON ODD NUMBERED DAYS
2025/02/20,IR,254,ZAB,,"DAYLIGHT HOURS, MON-FRI"
2025/02/20,IR,255,ZLA,,"DAYLIGHT HOURS, DAILY"
2025/02/20,IR,266,ZDV ZLA ZLC,,CONTINUOUS
2025/02/20,IR,275,ZLC ZOA,,CONTINUOUS
2025/02/20,IR,286,ZLA ZLC ZOA,,CONTINUOUS
2025/02/20,IR,293,ZLC,,BY NOTAM
2025/02/20,IR,300,ZLC ZSE,,BY SCHEDULE
2025/02/20,IR,301,ZLC ZSE,,CONTINUOUS
2025/02/20,IR,302,ZLC,,CONTINUOUS
2025/02/20,IR,303,ZLC,,BY NOTAM
2025/02/20,IR,304,ZLC,,BY SCHEDULE
2025/02/20,IR,305,ZLC,,BY NOTAM
2025/02/20,IR,307,ZLC ZSE,,CONTINUOUS
2025/02/20,IR,308,ZAB ZDV,,CONTINUOUS
2025/02/20,IR,313,,,BY NOTAM
2025/02/20,IR,320,ZAB ZDV,,CONTINUOUS
2025/02/20,IR,324,ZSE,,CONTINUOUS
2025/02/20,IR,325,ZSE,,CONTINUOUS
2025/02/20,IR,326,ZSE,,CONTINUOUS
2025/02/20,IR,327,ZSE,,CONTINUOUS
2025/02/20,IR,328,ZSE,,CONTINUOUS
2025/02/20,IR,329,ZSE,,CONTINUOUS
2025/02/20,IR,330,ZSE,,CONTINUOUS
2025/02/20,IR,341,ZSE,,CONTINUOUS
2025/02/20,IR,342,ZSE,,CONTINUOUS
2025/02/20,IR,343,ZSE,,CONTINUOUS
2025/02/20,IR,344,ZSE,,CONTINUOUS
2025/02/20,IR,346,ZSE,,CONTINUOUS
2025/02/20,IR,348,ZSE,,CONTINUOUS
2025/02/20,IR,409,ZAB ZDV,,"0800-1600 LOCAL, TUE-SAT"
2025/02/20,IR,414,ZDV,,"0800-1600 LOCAL, TUE-SAT; OT BY NOTAM"
2025/02/20,IR,415,ZDV,,"0800-1600 LOCAL, TUE-SAT; OT BY NOTAM"
2025/02/20,IR,416,ZDV,,"0800-1600 LOCAL, TUE-SAT; OT BY NOTAM"
2025/02/20,IR,418,ZLC,,SEE GENERAL REMARKS
2025/02/20,IR,420,ZLC,,SEE GENERAL REMARKS
2025/02/20,IR,424,ZDV,,"0800-1600 LOCAL, TUE-SAT; OT BY NOTAM."
2025/02/20,IR,425,ZLA ZLC ZOA,,SUNRISE-SUNSET
2025/02/20,IR,460,,,CONTINUOUS
2025/02/20,IR,461,,,CONTINUOUS
2025/02/20,IR,473,ZDV ZLC,,CONTINUOUS
2025/02/20,IR,479,ZLC,,BY NOTAM
2025/02/20,IR,480,ZLC,,BY NOTAM
2025/02/20,IR,485,ZDV ZLC,,CONTINUOUS
2025/02/20,IR,492,,,CONTINUOUS
2025/02/20,IR,499,ZDV ZLC,,CONTINUOUS
2025/02/20,IR,500,ZAB ZDV ZKC,,CONTINUOUS
2025/02/20,IR,501,ZAB ZDV,,CONTINUOUS
2025/02/20,IR,504,ZKC ZMP,,CONTINUOUS
2025/02/20,IR,505,ZKC ZMP,,"DAYLIGHT HOURS, MON-SAT, OT BY NOTAM"
2025/02/20,IR,508,ZDV ZMP,,"DAYLIGHT HOURS, MON-SAT, OT BY NOTAM"
2025/02/20,IR,509,ZDV ZMP,,"DAYLIGHT HOURS, TUE-SAT, OT BY NOTAM"
2025/02/20,IR,513,,,CONTINUOUS
2025/02/20,IR,514,ZDV ZMP,,"DAYLIGHT HOURS, TUE-SAT, OT BY NOTAM"
2025/02/20,IR,518,ZDV ZMP,,"DAYLIGHT HOURS, MON-SAT, OT BY NOTAM"
2025/02/20,IR,526,,,CONTINUOUS
2025/02/20,IR,592,ZKC ZME,,CONTINUOUS
2025/02/20,IR,605,ZMP,,DAILY 1400-0500Z; AVAILABLE OT
2025/02/20,IR,606,ZMP,,DAILY 1400-0500Z; AVAILABLE OT
2025/02/20,IR,608,ZDC ZID ZTL,,"1200-0400++ MON-FRI, WEEKENDS BY NOTAM"
2025/02/20,IR,609,ZMP,,CONTINUOUS
2025/02/20,IR,613,ZDV ZMP,,"DAYLIGHT HOURS, TUE-SAT, OT BY NOTAM"
2025/02/20,IR,618,ZID,,"SUNRISE-SUNSET, TUE-SUN, OT BY NOTAM"
2025/02/20,IR,644,ZLC ZMP,,CONTINUOUS
2025/02/20,IR,649,ZLC ZMP,,CONTINUOUS
2025/02/20,IR,678,ZLC ZMP,,CONTINUOUS
2025/02/20,IR,714,ZDC,,CONTINUOUS
2025/02/20,IR,715,ZDC,,CONTINUOUS
2025/02/20,IR,718,ZDC ZJX ZTL,,CONTINUOUS
2025/02/20,IR,719,ZDC ZTL,,CONTINUOUS
2025/02/20,IR,720,ZDC,,CONTINUOUS
2025/02/20,IR,721,ZDC ZJX ZTL,,CONTINUOUS
2025/02/20,IR,723,ZDC ZID ZTL,,"1200-0400Z++ MON-FRI, OCCASIONALLY WEEKENDS"
2025/02/20,IR,726,ZTL,,CONTINUOUS
2025/02/20,IR,743,ZTL,,CONTINUOUS
2025/02/20,IR,760,ZDC,,CONTINUOUS
2025/02/20,IR,761,ZDC ZID ZTL,,CONTINUOUS
2025/02/20,IR,762,ZDC ZOB,,CONTINUOUS
2025/02/20,IR,800,ZBW,,CONTINUOUS
2025/02/20,IR,801,ZBW,,CONTINUOUS
2025/02/20,IR,850,ZBW,,SUNRISE-SUNSET BY NOTAM
2025/02/20,IR,851,ZBW,,DAILY SUNRISE-SUNSET
2025/02/20,IR,852,ZBW,,SUNRISE TO SUNSET
2025/02/20,IR,900,ZAN,FAI MCG ORT TKA,SEE GENERAL REMARKS
2025/02/20,IR,901,ZAN,DLG ENA HOM ILI MCG,"NORMAL USE 0800-2000 MON-FRI, NOT AVAILABLE 2200-0700 LOCAL"
2025/02/20,IR,902,ZAN,MCG TKA,"NORMAL USE 0800-2000 LOCAL MON-FRI, NOT AVAILABLE 2200-0700 LOCAL"
2025/02/20,IR,903,ZAN,DLG ENA HOM ILI MCG TKA,"NORMAL USE 0800-2000 LOCAL MON-FRI, NOT AVAILABLE 2200-0700 LOCAL"
2025/02/20,IR,905,ZAN,ENA FAI HOM ILI MCG PAQ TKA,"NORMAL USE 0800-2000 LOCAL MON-FRI, NOT AVAILABL 2200-0700 LOCAL"
2025/02/20,IR,909,ZAN,FAI ORT,SEE GENERAL REMARKS
2025/02/20,IR,911,ZAN,DLG ENA HOM ILI MCG,"NORMAL USE 0800-2000 LOCAL MON-FRI, NOT AVAILABLE 2200-0700 LOCAL"
2025/02/20,IR,912,ZAN,MCG TKA,"NORMAL USE 0800-2000 LOCAL MON-FRI, NOT AVAILABLE 2200-0700 LOCAL"
2025/02/20,IR,913,ZAN,DLG ENA HOM ILI MCG TKA,"NORMAL USE 0800-2000 LOCAL MON-FRI, NOT AVAILABLE 2200-0700 LOCAL"
2025/02/20,IR,915,ZAN,ENA FAI HOM ILI MCG PAQ TKA,"NORMAL USE 0800-2000 LOCAL MON-FRI, NOT AVAILABLE 2200-0700 LOCAL"
2025/02/20,IR,916,ZAN,FAI MCG ORT TKA,SEE GENERAL REMARKS
2025/02/20,IR,917,ZAN,FAI ORT,SEE GENERAL REMARKS
2025/02/20,IR,918,ZAN,FAI ORT,SEE GENERAL REMARKS
2025/02/20,IR,919,ZAN,ENA FAI ORT PAQ TKA,SEE GENERAL REMARKS
2025/02/20,IR,921,ZAN,ENA FAI ORT PAQ TKA,SEE GENERAL REMARKS
2025/02/20,IR,922,ZAN,FAI ORT PAQ TKA,SEE GENERAL REMARKS
2025/02/20,IR,923,ZAN,FAI ORT PAQ TKA,SEE GENERAL REMARKS
2025/02/20,IR,939,ZAN,FAI ORT,SEE GENERAL REMARKS
2025/02/20,IR,952,ZAN,FAI ORT,SEE GENERAL REMARKS
2025/02/20,IR,953,ZAN,FAI ORT,SEE GENERAL REMARKS
2025/02/20,IR,983,,,CONTINUOUS
2025/02/20,VR,025,,,"0700-2200 LCL, OTHER TIMES BY NOTAM"
2025/02/20,VR,041,ZDC ZTL,,CONTINUOUS
2025/02/20,VR,042,ZDC ZTL,,CONTINUOUS
2025/02/20,VR,043,ZDC ZTL,,CONTINUOUS
2025/02/20,VR,045,,,"0700-2200 LCL, MON-FRI, OTHER TIME BY NOTAM"
2025/02/20,VR,054,ZDC,,"0700-2100 LOCAL MON-FRI, OT BY NOTAM"
2025/02/20,VR,058,ZME ZTL,,CONTINUOUS (SEE GENERAL REMARKS)
2025/02/20,VR,060,ZHU ZTL,,0700-1700 LOCAL OR BY NOTAM
2025/02/20,VR,071,ZDC,,"0700-2100 LOCAL MON-FRI, OT BY NOTAM"
2025/02/20,VR,073,ZDC,,CONTINUOUS
2025/02/20,VR,083,ZDC ZJX,,CONTINUOUS
2025/02/20,VR,084,ZDC,, CONTINUOUS
2025/02/20,VR,085,ZDC,,CONTINUOUS
2025/02/20,VR,086,ZDC,,CONTINUOUS
2025/02/20,VR,087,ZDC ZJX,,CONTINUOUS
2025/02/20,VR,088,ZJX ZTL,,CONTINUOUS
2025/02/20,VR,092,ZME ZTL,,SEE GENERAL REMARKS
2025/02/20,VR,093,ZID ZTL,,CONTINUOUS
2025/02/20,VR,096,ZDC,,CONTINUOUS
2025/02/20,VR,097,ZJX ZTL,,0600-2400 LOCAL DAILY
2025/02/20,VR,100,ZAB,,CONTINUOUS
2025/02/20,VR,1001,ZJX,,CONTINUOUS
2025/02/20,VR,1002,ZJX,,CONTINUOUS
2025/02/20,VR,1003,ZJX,,CONTINUOUS
2025/02/20,VR,1004,ZJX ZTL,,CONTINUOUS
2025/02/20,VR,1005,ZJX,,CONTINUOUS
2025/02/20,VR,1006,ZJX ZMA,,CONTINUOUS
2025/02/20,VR,1007,ZJX ZMA,,CONTINUOUS
2025/02/20,VR,1008,ZJX,,CONTINUOUS
2025/02/20,VR,1009,ZJX,,CONTINUOUS
2025/02/20,VR,101,ZFW ZHU,,"0700-2200 LOCAL, OT BY NOTAM"
2025/02/20,VR,1010,ZJX,,CONTINUOUS
2025/02/20,VR,1013,ZJX,,CONTINUOUS
2025/02/20,VR,1014,ZME ZTL,,SUNRISE-SUNSET DAILY
2025/02/20,VR,1017,ZJX ZTL,,"SUNRISE-SUNSET M-F, OT BY NOTAM"
2025/02/20,VR,1020,ZHU ZJX ZTL,,"1200-0400Z++ WEEKDAYS, OCCASIONAL WEEKENDS"
2025/02/20,VR,1021,ZHU ZME ZTL,,"1200-0400Z++ WEEKDAYS, OCCASIONAL WEEKENDS"
2025/02/20,VR,1022,ZHU ZME ZTL,,1200-0400Z++ WEEKDAYS; OCCASIONAL WEEKENDS
2025/02/20,VR,1023,ZHU,,"1200-0400Z++ WEEKDAYS, OCCASIONAL WEEKENDS"
2025/02/20,VR,1024,ZHU ZME,,"1200-0400Z++ WEEKDAYS, OCCASIONAL WEEKENDS"
2025/02/20,VR,1030,ZME ZTL,,1100-0600Z++ DAILY.
2025/02/20,VR,1031,ZME ZTL,,1100-0600Z++ DAILY
2025/02/20,VR,1032,ZFW ZME,,1100-0600Z++ DAILY
2025/02/20,VR,1033,ZME ZTL,,1100-0600Z++ DAILY
2025/02/20,VR,1039,ZJX,,CONTINUOUS
2025/02/20,VR,104,ZFW,,"0700-2200 LOCAL, OT BY NOTAM"
2025/02/20,VR,1040,ZDC ZJX,,CONTINUOUS
2025/02/20,VR,1041,ZJX,,CONTINUOUS
2025/02/20,VR,1043,ZDC ZJX,,0700-2300 LOCAL DAILY
2025/02/20,VR,1046,ZDC,,0600-1800 LOCAL MON-FRI
2025/02/20,VR,1050,ZME ZTL,,0700-2300 LOCAL DAILY
2025/02/20,VR,1051,ZME ZTL,,DAWN-DUSK MON - FRI
2025/02/20,VR,1052,ZME ZTL,,1200Z-0500Z++
2025/02/20,VR,1054,ZJX ZTL,,1300-0500Z++ DAILY
2025/02/20,VR,1055,ZTL,,1300-0500Z DAILY++ 7 DAYS A WEEK
2025/02/20,VR,1056,ZME ZTL,,1200Z-0500Z++
2025/02/20,VR,1059,ZJX ZTL,,CONTINUOUS
2025/02/20,VR,106,,,"0830-0230 LOCAL, MON-FRI"
2025/02/20,VR,1061,ZDC,,CONTINUOUS
2025/02/20,VR,1066,ZJX,,0700-0000 LOCAL DAILY
2025/02/20,VR,1070,ZJX ZTL,,"0700-2000 LOCAL, OT BY NOTAM"
2025/02/20,VR,1072,ZHU ZME,,DAWN-DUSK MON-FRI
2025/02/20,VR,1076,,,1100-0000Z++ (DAILY)
2025/02/20,VR,1077,,,1100-0000Z++ (DAILY)
2025/02/20,VR,1078,,,1100-0000Z++ (DAILY)
2025/02/20,VR,1079,,,1100-0000Z++ (DAILY)
2025/02/20,VR,108,ZAB,,CONTINUOUS
2025/02/20,VR,1080,,,1100-0000Z++ (DAILY)
2025/02/20,VR,1081,,,1100-0000Z++ (DAILY)
2025/02/20,VR,1082,ZHU ZJX ZTL,,CONTINUOUS
2025/02/20,VR,1083,ZHU ZJX ZTL,,SEE GENERAL REMARKS
2025/02/20,VR,1084,ZJX,,SEE GENERAL REMARKS
2025/02/20,VR,1085,ZHU ZJX ZTL,,CONTINUOUS
2025/02/20,VR,1087,ZMA,,"NORMALLY 0900-2400Z++ DAILY, AVAILABLE OT"
2025/02/20,VR,1088,ZMA,,"NORMALLY 0900-2400++ DAILY, AVAILABLE OT"
2025/02/20,VR,1089,ZMA,,"NORMALLY 0900-2400Z++ DAILY, AVAILABLE OT"
2025/02/20,VR,1097,ZJX,,CONTINUOUS
2025/02/20,VR,1098,ZMA,,CONTINUOUS
2025/02/20,VR,1102,ZME,,CONTINUOUS
2025/02/20,VR,1103,ZFW ZME,,CONTINUOUS
2025/02/20,VR,1104,ZFW ZME,,CONTINUOUS
2025/02/20,VR,1105,ZHU,,0800-1830 LOCAL DAILY
2025/02/20,VR,1106,ZHU,,0800-1830 LOCAL DAILY
2025/02/20,VR,1107,ZAB,,SUNRISE-2200 LOCAL DAILY
2025/02/20,VR,1110,ZFW ZHU,,0700-2200 LOCAL
2025/02/20,VR,1113,ZFW ZME,,CONTINUOUS
2025/02/20,VR,1116,ZFW ZHU,,DAYLIGHT HOURS ONLY
2025/02/20,VR,1120,ZHU,,SUNRISE-SUNSET
2025/02/20,VR,1121,ZHU,,SUNRISE-SUNSET
2025/02/20,VR,1122,ZHU,,SUNRISE-SUNSET
2025/02/20,VR,1123,ZHU,,SUNRISE-SUNSET
2025/02/20,VR,1124,ZFW,,0700-2200 LOCAL
2025/02/20,VR,1128,ZFW,,0700-2200 LOCAL DAILY; OT BY NOTAM.
2025/02/20,VR,1130,ZME,,CONTINUOUS
2025/02/20,VR,1137,ZFW,,0700-2200 LOCAL DAILY; OT BY NOTAM.
2025/02/20,VR,1139,ZFW,,SUNRISE-SUNSET
2025/02/20,VR,114,ZAB,,CONTINUOUS
2025/02/20,VR,1140,ZFW,,SUNRISE-SUNSET
2025/02/20,VR,1141,ZAB ZFW,,SUNRISE-SUNSET
2025/02/20,VR,1142,ZAB ZFW,,SUNRISE-SUNSET
2025/02/20,VR,1143,ZFW,,SUNRISE-SUNSET
2025/02/20,VR,1144,ZFW,,SUNRISE-SUNSET
2025/02/20,VR,1145,ZFW,,SUNRISE-SUNSET
2025/02/20,VR,1146,ZFW,,SUNRISE-SUNSET
2025/02/20,VR,1175,ZAB ZDV,,SUNRISE-SUNSET
2025/02/20,VR,1176,ZAB ZDV,,SUNRISE-SUNSET
2025/02/20,VR,118,ZFW,,"0700-2200 LOCAL, OT BY NOTAM"
2025/02/20,VR,1182,ZME,,CONTINUOUS
2025/02/20,VR,119,ZKC,,SUNRISE-SUNSET DAILY
2025/02/20,VR,1195,ZAB,,SUNRISE-2200 LOCAL DAILY
2025/02/20,VR,1196,ZHU,,CONTINUOUS
2025/02/20,VR,1205,ZLA ZOA,,CONTINUOUS
2025/02/20,VR,1214,ZLA ZOA,,CONTINUOUS
2025/02/20,VR,1215,ZLA,,SUNRISE-SUNSET DAILY
2025/02/20,VR,1217,ZLA,,CONTINUOUS
2025/02/20,VR,1218,ZLA,,SUNRISE-SUNSET
2025/02/20,VR,125,ZAB,,CONTINUOUS
2025/02/20,VR,1250,ZOA ZSE,,"DAYLIGHT HOURS, OT BY NOTAM"
2025/02/20,VR,1251,ZOA ZSE,,"DAYLIGHT HOURS, OT BY NOTAM"
2025/02/20,VR,1252,ZLA ZOA,,"DAYLIGHT HOURS, OT BY NOTAM"
2025/02/20,VR,1253,ZLA ZLC,,"DAYLIGHT HOURS, OT BY NOTAM"
2025/02/20,VR,1254,ZOA ZSE,,"DAYLIGHT HOURS, OT BY NOTAM"
2025/02/20,VR,1255,ZLA ZOA,,"DAYLIGHT HOURS, OT BY NOTAM"
2025/02/20,VR,1256,ZLA,,"DAYLIGHT HOURS, OT BY NOTAM"
2025/02/20,VR,1257,ZLA ZOA,,"DAYLIGHT HOURS, OT BY NOTAM"
2025/02/20,VR,1259,ZLA ZLC ZOA,,"DAYLIGHT HOURS, OT BY NOTAM"
2025/02/20,VR,1260,ZLC ZOA,,"DAYLIGHT HOURS, OT BY NOTAM"
2025/02/20,VR,1261,ZOA ZSE,,"DAYLIGHT HOURS, OT BY NOTAM"
2025/02/20,VR,1262,ZLA ZOA,,"DAYLIGHT HOURS, OT BY NOTAM"
2025/02/20,VR,1264,ZOA,,"DAYLIGHT HOURS, OT BY NOTAM"
2025/02/20,VR,1265,ZLA,,CONTINUOUS
2025/02/20,VR,1266,ZLA,,CONTINUOUS
2025/02/20,VR,1267,ZAB ZLA,,CONTINUOUS
2025/02/20,VR,1267A,ZAB ZLA,,CONTINUOUS
2025/02/20,VR,1268,ZAB ZLA,,CONTINUOUS
2025/02/20,VR,1300,ZLC,,BY NOTAM
2025/02/20,VR,1301,ZLC ZSE,,BY NOTAM
2025/02/20,VR,1302,ZLC,,BY NOTAM
2025/02/20,VR,1303,ZLC,,BY NOTAM
2025/02/20,VR,1304,ZLC,,BY NOTAM
2025/02/20,VR,1305,ZLC,,BY NOTAM
2025/02/20,VR,1350,ZSE,,CONTINUOUS
2025/02/20,VR,1351,ZSE,,CONTINUOUS
2025/02/20,VR,1352,ZLC ZOA ZSE,,CONTINUOUS
2025/02/20,VR,1353,ZLC ZSE,,CONTINUOUS
2025/02/20,VR,1354,ZSE,,CONTINUOUS
2025/02/20,VR,1355,ZSE,,CONTINUOUS
2025/02/20,VR,138,ZKC,,CONTINUOUS
2025/02/20,VR,140,ZHU,,"0700-2200 LOCAL, OT BY NOTAM"
2025/02/20,VR,142,ZFW ZHU,,"SUNRISE-SUNSET, DAILY"
2025/02/20,VR,1422,ZLC,,"0700-2400 LCL MON-THURS, 0700-1800 LCL FRI, 0800-1700 LCL SAT"
2025/02/20,VR,1423,ZLC,,"0700-2400 LCL MON-THURS, 0700-1800 LCL FRI, 0800-1700 LCL SAT"
2025/02/20,VR,1427,ZDV,,"0800-1600 LOCAL TUE-SAT, OT BY NOTAM"
2025/02/20,VR,143,ZFW ZHU,,"0700-2200 LOCAL, OT BY NOTAM"
2025/02/20,VR,144,,,0830-0230 LOCAL MON-FRI
2025/02/20,VR,1445,ZLC,,"0700-2400 LCL MON-THURS, 0700-1800 LCL FRI, 0800-1700 LCL SAT"
2025/02/20,VR,1446,ZLC,,"0700-2400 LCL MON-THURS, 0700-1800 LCL FRI, 0800-1700 LCL SAT"
2025/02/20,VR,151,ZHU,,0600-2200L DLY
2025/02/20,VR,152,ZKC,,CONTINUOUS
2025/02/20,VR,1520,ZDV ZMP,,"DAYLIGHT HOURS, MON-SAT, OT BY NOTAM"
2025/02/20,VR,1521,ZDV ZMP,,"DAYLIGHT HOURS, MON-SAT, OT TIMES BY NOTAM"
2025/02/20,VR,1525,ZKC,,SUNRISE-SUNSET SUN-FRI
2025/02/20,VR,1546,ZKC,,CONTINUOUS
2025/02/20,VR,156,ZHU,,SEE GENERAL REMARKS
2025/02/20,VR,158,ZFW,,SUNRISE-SUNSET
2025/02/20,VR,159,ZFW,,SUNRISE-SUNSET
2025/02/20,VR,1601,,,M-F 0800-1630
2025/02/20,VR,1602,,,M-F 0800-1630
2025/02/20,VR,1616,ZMP,,"SUNRISE TO SUNSET MON-SAT, OT BY NOTAM"
2025/02/20,VR,1617,ZID ZOB,,SUNRISE-2100 LOCAL
2025/02/20,VR,1624,ZMP ZOB,,SUNRISE-SUNSET
2025/02/20,VR,1625,ZMP ZOB,,SUNRISE-SUNSET
2025/02/20,VR,1626,ZAU ZMP,,SUNRISE-SUNSET
2025/02/20,VR,1627,ZMP,,SUNRISE-SUNSET
2025/02/20,VR,1628,ZMP,,SUNRISE-SUNSET
2025/02/20,VR,1629,ZMP,,SUNRISE-SUNSET
2025/02/20,VR,1631,ZID,,CONTINUOUS
2025/02/20,VR,1632,ZID,,CONTINUOUS
2025/02/20,VR,1633,ZID,,CONTINUOUS
2025/02/20,VR,1636,ZMP,,CONTINUOUS
2025/02/20,VR,1638,ZID ZOB,,SUNRISE-2100 LOCAL
2025/02/20,VR,1639,ZMP,,SUNRISE-SUNSET
2025/02/20,VR,1640,ZAU ZID,,1300-0300Z++ DAILY
2025/02/20,VR,1641,ZAU ZID,,1300-0300Z++ DAILY
2025/02/20,VR,1642,ZAU ZID,,1300-0100Z++ DAILY
2025/02/20,VR,1644,ZMP ZOB,,SUNRISE-SUNSET
2025/02/20,VR,1645,ZMP ZOB,,SUNRISE-SUNSET
2025/02/20,VR,1647,ZMP,,SUNRISE - SUNSET
2025/02/20,VR,1648,ZMP,,SUNRISE-SUNSET
2025/02/20,VR,165,,,SUNRISE-SUNSET ONLY
2025/02/20,VR,1650,ZMP,,"0730 LOCAL-SUNSET TUE-SAT, OT BY NOTAM"
2025/02/20,VR,1666,ZMP,,CONTINUOUS
2025/02/20,VR,1667,ZID ZOB,,SUNRISE-2200Z++
2025/02/20,VR,1668,ZID ZOB,,SUNRISE-2100 LOCAL
2025/02/20,VR,1679,ZID ZKC,,"SUNRISE-SUNSET TUES-SUN, OT BY NOTAM."
2025/02/20,VR,168,ZHU,,0600-2400 LOCAL DAILY
2025/02/20,VR,1709,ZDC ZNY,,SUNRISE-2200 LOCAL
2025/02/20,VR,1711,ZDC,,0730 LOCAL-SUNSET DAILY
2025/02/20,VR,1712,ZDC,,0730 LOCAL-SUNSET DAILY
2025/02/20,VR,1713,ZDC,,0730 LOCAL-SUNSET DAILY
2025/02/20,VR,1721,ZDC ZJX ZTL,,CONTINUOUS
2025/02/20,VR,1722,ZDC,,SUNRISE TO SUNSET
2025/02/20,VR,1726,ZTL,,CONTINUOUS
2025/02/20,VR,1743,ZTL,,CONTINUOUS
2025/02/20,VR,1753,ZDC,,CONTINUOUS
2025/02/20,VR,1754,ZDC,,CONTINUOUS
2025/02/20,VR,1755,ZDC,,CONTINUOUS
2025/02/20,VR,1756,ZDC ZOB,,CONTINUOUS
2025/02/20,VR,1757,ZDC ZNY ZOB,,CONTINUOUS
2025/02/20,VR,1759,ZDC,,CONTINUOUS
2025/02/20,VR,176,ZAB,,SEE GENERAL REMARKS
2025/02/20,VR,179,ZHU ZTL,,CONTINUOUS
2025/02/20,VR,1800,ZBW,,0800 LOCAL TO SUNSET DAILY
2025/02/20,VR,1801,ZBW,,0800 LOCAL - SUNSET DAILY
2025/02/20,VR,184,,,"0830-0230 LOCAL, MON-FRI"
2025/02/20,VR,186,ZFW ZHU,,"0700-2200 LOCAL, OT BY NOTAM"
2025/02/20,VR,187,,,SUNRISE-SUNSET DAILY
2025/02/20,VR,188,,,SUNRISE-SUNSET SAT-SUN
2025/02/20,VR,189,ZFW ZME,,CONTINUOUS
2025/02/20,VR,190,,,0830-0230 LOCAL MON-FRI
2025/02/20,VR,1900,ZAN,FAI MCG ORT TKA,SEE GENERAL REMARKS
2025/02/20,VR,1902,ZAN,MCG TKA,"NORMAL USE 0800-2000 LOCAL MON-FRI, NOT AVAILABLE 2200-0700 LOCAL"
2025/02/20,VR,1905,ZAN,ENA FAI HOM ILI MCG PAQ TKA,"NORMAL USE 0800-2000 LOCAL MON-FRI, NOT AVAILABLE 2200-0700 LOCAL"
2025/02/20,VR,1909,ZAN,FAI ORT,SEE GENERAL REMARKS
2025/02/20,VR,191,,,0830-0230 LOCAL MON-FRI
2025/02/20,VR,1912,ZAN,MCG TKA,"NORMAL USE 0800-2000 LOCAL MON-FRI, NOT AVAILABLE 2200-0700 LOCAL"
2025/02/20,VR,1915,ZAN,ENA FAI HOM ILI MCG PAQ TKA,"NORMAL USE 0800-2000 LOCAL MON-FRI, NOT AVAILABLE 2200-0700 LOCAL"
2025/02/20,VR,1916,ZAN,FAI MCG ORT TKA,SEE GENERAL REMARKS
2025/02/20,VR,1939,ZAN,FAI ORT,SEE GENERAL REMARKS
2025/02/20,VR,196,ZAB,,SUNRISE-SUNSET DAILY
2025/02/20,VR,197,ZAB,,SUNRISE-SUNSET DAILY
2025/02/20,VR,198,ZAB ZFW,,"0600-0300 LOCAL, MON-FRI, OT BY NOTAM"
2025/02/20,VR,199,ZAB ZFW,,"0600-0300 LOCAL, MON-FRI, OT BY NOTAM"
2025/02/20,VR,201,ZOA,,DAYLIGHT HOURS; OT BY NOTAM.
2025/02/20,VR,202,ZOA,,"DAYLIGHT HOURS, OT BY NOTAM"
2025/02/20,VR,208,ZLC ZOA,,0800-1630 LOCAL
2025/02/20,VR,209,ZLA ZLC ZOA,,"DAYLIGHT HOURS, OT BY NOTAM"
2025/02/20,VR,222,ZLA,,CONTINUOUS
2025/02/20,VR,223,ZAB,,"0600-2400 MON-FRI LOCAL, OTHER TIMES BY NOTAM."
2025/02/20,VR,231,ZAB,,"0600-2400 MON-FRI LOCAL, OTHER TIMES BY NOTAM."
2025/02/20,VR,239,ZAB,,"0600-2400 MON-FRI LOCAL, OTHER TIMES BY NOTAM."
2025/02/20,VR,241,ZAB,,"0600-2400 MON-FRI LOCAL, OTHER TIMES BY NOTAM"
2025/02/20,VR,242,ZAB,,SEE GENERAL REMARKS
2025/02/20,VR,243,ZAB ZLA,,"0600-2400 MON-FRI LOCAL, OTHER TIMES BY NOTAM"
2025/02/20,VR,244,ZAB,,"0600-2400 MON-FRI LOCAL, OTHER TIMES BY NOTAM."
2025/02/20,VR,245,ZAB ZLA ZLC,,SEE GENERAL REMARKS
2025/02/20,VR,249,ZLA ZOA,,CONTINUOUS
2025/02/20,VR,259,ZAB,,CONTINUOUS
2025/02/20,VR,260,ZAB,,CONTINUOUS
2025/02/20,VR,263,ZAB,,CONTINUOUS
2025/02/20,VR,267,ZAB,,1300-0530Z
2025/02/20,VR,268,ZAB,,1300Z-0530Z++
2025/02/20,VR,269,ZAB,,1300-0530Z++
2025/02/20,VR,289,,,CONTINUOUS
2025/02/20,VR,296,,,CONTINUOUS
2025/02/20,VR,299,,,CONTINUOUS
2025/02/20,VR,316,ZLC ZSE,,BY NOTAM
2025/02/20,VR,319,ZLC ZSE,,BY NOTAM
2025/02/20,VR,331,ZSE,,CONTINUOUS
2025/02/20,VR,389,,,BY SCHEDULE
2025/02/20,VR,391,,,BY SCHEDULE
2025/02/20,VR,410,ZDV,,"0800-1600 LOCAL TUE-SAT, OT BY NOTAM"
2025/02/20,VR,411,ZDV,,"0800-1600 LOCAL TUE-SAT, OT BY NOTAM"
2025/02/20,VR,413,ZDV,,"0800-1600 LOCAL TUE-SAT, OT BY NOTAM"
2025/02/20,VR,510,ZMP,,"DAYLIGHT HOURS TUE-SAT, OT BY NOTAM"
2025/02/20,VR,511,ZKC ZMP,,"BY NOTAM, (2 HR PRIOR NOTIFICATION REQUIRED)"
2025/02/20,VR,512,ZKC ZMP,,"BY NOTAM, 2HR PRIOR NOTIFICATION REQUIRED"
2025/02/20,VR,531,ZKC,,CONTINUOUS
2025/02/20,VR,532,ZKC,,CONTINUOUS
2025/02/20,VR,533,ZKC,,CONTINUOUS
2025/02/20,VR,534,ZKC,,CONTINUOUS
2025/02/20,VR,535,ZKC,,CONTINUOUS
2025/02/20,VR,536,ZKC,,CONTINUOUS
2025/02/20,VR,540,ZMP,,"BY NOTAM, 2 HOUR NOTICE REQUIRED"
2025/02/20,VR,541,ZMP,,"BY NOTAM, 2 HOUR NOTICE REQUIRED"
2025/02/20,VR,544,ZKC ZMP,,SEE GENERAL REMARKS
2025/02/20,VR,545,ZKC ZMP,,SEE GENERAL REMARKS
2025/02/20,VR,552,ZKC,,CONTINUOUS
2025/02/20,VR,604,ZMP,,"1400-0500Z++ DAILY, 0500-1400Z++ ALLOWABLE"
2025/02/20,VR,607,ZMP,,"1400-0500Z++ DAILY, 0500-1400Z++ ALLOWABLE"
2025/02/20,VR,619,ZID,,SUNRISE-SUNSET TUE-SUN; OT BY NOTAM.
2025/02/20,VR,634,ZMP,,CONTINUOUS
2025/02/20,VR,664,ZMP,,CONTINUOUS
2025/02/20,VR,704,ZNY ZOB,,0800 TO 2200 LOCAL DAILY
2025/02/20,VR,705,ZNY ZOB,,0800 TO 2200 LOCAL DAILY
2025/02/20,VR,707,ZNY ZOB,,0800 TO 2200 LOCAL DAILY
2025/02/20,VR,708,ZDC ZNY ZOB,,SUNRISE-SUNSET
2025/02/20,VR,725,ZBW,,0800 LOCAL-SUNSET DAILY
2025/02/20,VR,840,ZBW,,0800 LOCAL-SUNSET DAILY
2025/02/20,VR,841,ZBW,,0800 LOCAL-SUNSET DAILY
2025/02/20,VR,842,ZBW,,0800 LOCAL-SUNSET DAILY
2025/02/20,VR,931,ZAN,DLG ENA HOM ILI MCG,"NORMAL USE 0800-2000 LOCAL MON-FRI, NOT AVAILABLE 2200-0700 LOCAL"
2025/02/20,VR,932,ZAN,DLG ENA HOM ILI MCG,"NORMAL USE 0800-2000 LOCAL MON-FRI, NOT AVAILABLE 2200-0700 LOCAL"
2025/02/20,VR,933,ZAN,DLG ENA HOM ILI MCG TKA,"NORMAL USE 0800-2000 LOCAL MON-FRI, NOT AVAILABLE 2200-0700 LOCAL"
2025/02/20,VR,934,ZAN,DLG ENA HOM ILI MCG TKA,"NORMAL USE 0800-2000 LOCAL MON-FRI, NOT AVAILABLE 2200-0700 LOCAL"
2025/02/20,VR,935,ZAN,FAI ORT,SEE GENERAL REMARKS
2025/02/20,VR,936,ZAN,FAI ORT,SEE GENERAL REMARKS
2025/02/20,VR,937,ZAN,ENA FAI ORT PAQ TKA,SEE GENERAL REMARKS
2025/02/20,VR,938,ZAN,ENA FAI ORT PAQ TKA,SEE GENERAL REMARKS
2025/02/20,VR,940,ZAN,FAI ORT PAQ TKA,SEE GENERAL REMARKS
2025/02/20,VR,941,ZAN,FAI ORT PAQ TKA,SEE GENERAL REMARKS
2025/02/20,VR,954,ZAN,FAI ORT,SEE GENERAL REMARKS
2025/02/20,VR,955,ZAN,FAI ORT,SEE GENERAL REMARKS
