EFF_DATE,SITE_NO,SITE_TYPE_CODE,STATE_CODE,ARPT_ID,CITY,COUNTRY_CODE,RWY_ID,RWY_END_ID,ARREST_DEVICE_CODE
2025/03/20,447.0,A,AL,MGM,MONTGOMERY,US,10/28,10,BAK-12B
2025/03/20,447.0,A,AL,MGM,MONTGOMERY,US,10/28,28,BAK-12B
2025/03/20,689.0,A,AZ,GXF,GILA BEND,US,17/35,17,BAK-12B
2025/03/20,689.0,A,AZ,GXF,GILA BEND,US,17/35,17,E5
2025/03/20,689.0,A,AZ,GXF,GILA BEND,US,17/35,35,BAK-12B
2025/03/20,689.0,A,AZ,GXF,GILA BEND,US,17/35,35,E5
2025/03/20,692.25,A,AZ,LUF,GLENDALE,US,03L/21R,03L,BAK-12B
2025/03/20,692.25,A,AZ,LUF,GLENDALE,US,03L/21R,03L,MB60
2025/03/20,692.25,A,AZ,LUF,GLENDALE,US,03L/21R,21R,BAK-12B
2025/03/20,692.25,A,AZ,LUF,GLENDALE,US,03L/21R,21R,MB60
2025/03/20,692.25,A,AZ,LUF,GLENDALE,US,03R/21L,03R,BAK-12B
2025/03/20,692.25,A,AZ,LUF,GLENDALE,US,03R/21L,03R,BAK-9
2025/03/20,692.25,A,AZ,LUF,GLENDALE,US,03R/21L,03R,MB60
2025/03/20,692.25,A,AZ,LUF,GLENDALE,US,03R/21L,21L,BAK-12B
2025/03/20,692.25,A,AZ,LUF,GLENDALE,US,03R/21L,21L,BAK-9
2025/03/20,692.25,A,AZ,LUF,GLENDALE,US,03R/21L,21L,MB60
2025/03/20,753.0,A,AZ,IWA,PHOENIX,US,12C/30C,12C,MA-1A
2025/03/20,753.0,A,AZ,IWA,PHOENIX,US,12C/30C,30C,MA-1A
2025/03/20,753.0,A,AZ,IWA,PHOENIX,US,12L/30R,12L,MA-1A
2025/03/20,753.0,A,AZ,IWA,PHOENIX,US,12L/30R,30R,MA-1A
2025/03/20,753.0,A,AZ,IWA,PHOENIX,US,12R/30L,12R,MA-1A
2025/03/20,753.0,A,AZ,IWA,PHOENIX,US,12R/30L,30L,MA-1A
2025/03/20,816.0,A,AZ,TUS,TUCSON,US,04/22,04,BAK-12B
2025/03/20,816.0,A,AZ,TUS,TUCSON,US,04/22,04,BAK-14
2025/03/20,816.0,A,AZ,TUS,TUCSON,US,12/30,12,BAK-14
2025/03/20,816.0,A,AZ,TUS,TUCSON,US,12/30,30,BAK-12B
2025/03/20,816.0,A,AZ,TUS,TUCSON,US,12/30,30,BAK-14
2025/03/20,817.0,A,AZ,DMA,TUCSON,US,13/31,13,BAK-12
2025/03/20,817.0,A,AZ,DMA,TUCSON,US,13/31,13,BAK-9
2025/03/20,817.0,A,AZ,DMA,TUCSON,US,13/31,31,BAK-12
2025/03/20,817.0,A,AZ,DMA,TUCSON,US,13/31,31,BAK-9
2025/03/20,841.0,A,AZ,NYL,YUMA,US,03L/21R,03L,E28
2025/03/20,841.0,A,AZ,NYL,YUMA,US,03L/21R,21R,E28
2025/03/20,841.0,A,AZ,NYL,YUMA,US,03R/21L,03R,E28
2025/03/20,841.0,A,AZ,NYL,YUMA,US,03R/21L,21L,E28
2025/03/20,987.0,A,AR,FSM,FORT SMITH,US,08/26,08,BAK-14
2025/03/20,987.0,A,AR,FSM,FORT SMITH,US,08/26,26,BAK-14
2025/03/20,1056.0,A,AR,LIT,LITTLE ROCK,US,04L/22R,22R,EMAS
2025/03/20,1255.1,A,CA,ACV,ARCATA/EUREKA,US,14/32,32,EMAS
2025/03/20,1353.0,A,CA,BUR,BURBANK,US,08/26,08,EMAS
2025/03/20,1397.7,A,CA,NID,CHINA LAKE,US,03/21,03,E28
2025/03/20,1397.7,A,CA,NID,CHINA LAKE,US,03/21,21,E28
2025/03/20,1397.7,A,CA,NID,CHINA LAKE,US,08/26,08,E28
2025/03/20,1397.7,A,CA,NID,CHINA LAKE,US,08/26,26,E28
2025/03/20,1526.8,A,CA,EDW,EDWARDS,US,05L/23R,05L,BAK-12
2025/03/20,1526.8,A,CA,EDW,EDWARDS,US,05R/23L,05R,BAK-12
2025/03/20,1526.8,A,CA,EDW,EDWARDS,US,05R/23L,23L,BAK-12
2025/03/20,1530.0,A,CA,NJK,EL CENTRO,US,08/26,08,E28
2025/03/20,1530.0,A,CA,NJK,EL CENTRO,US,08/26,26,E28
2025/03/20,1530.0,A,CA,NJK,EL CENTRO,US,12/30,12,E28
2025/03/20,1530.0,A,CA,NJK,EL CENTRO,US,12/30,30,E28
2025/03/20,1591.0,A,CA,FAT,FRESNO,US,11L/29R,11L,BAK-14
2025/03/20,1591.0,A,CA,FAT,FRESNO,US,11L/29R,29R,BAK-14
2025/03/20,1767.12,A,CA,NLC,LEMOORE,US,14L/32R,14L,E28
2025/03/20,1767.12,A,CA,NLC,LEMOORE,US,14L/32R,32R,E28
2025/03/20,1767.12,A,CA,NLC,LEMOORE,US,14R/32L,14R,E28
2025/03/20,1767.12,A,CA,NLC,LEMOORE,US,14R/32L,32L,E28
2025/03/20,1914.0,A,CA,MRY,MONTEREY,US,10R/28L,10R,EMAS
2025/03/20,1914.0,A,CA,MRY,MONTEREY,US,10R/28L,28L,EMAS
2025/03/20,1971.0,A,CA,OAK,OAKLAND,US,10R/28L,28L,EMAS
2025/03/20,2057.0,A,CA,NTD,OXNARD,US,03/21,03,E28
2025/03/20,2057.0,A,CA,NTD,OXNARD,US,03/21,21,E28
2025/03/20,2057.0,A,CA,NTD,OXNARD,US,09/27,09,E28
2025/03/20,2057.0,A,CA,NTD,OXNARD,US,09/27,27,E28
2025/03/20,2115.0,A,CA,RIV,RIVERSIDE,US,14/32,14,BAK-12
2025/03/20,2115.0,A,CA,RIV,RIVERSIDE,US,14/32,32,BAK-12
2025/03/20,2170.0,A,CA,SAN,SAN DIEGO,US,09/27,27,EMAS
2025/03/20,2177.0,A,CA,NKX,SAN DIEGO,US,06L/24R,06L,E28
2025/03/20,2177.0,A,CA,NKX,SAN DIEGO,US,06L/24R,24R,E28
2025/03/20,2177.0,A,CA,NKX,SAN DIEGO,US,06R/24L,06R,E28
2025/03/20,2177.0,A,CA,NKX,SAN DIEGO,US,06R/24L,24L,E28
2025/03/20,2178.0,A,CA,NZY,SAN DIEGO,US,11/29,11,E28
2025/03/20,2178.0,A,CA,NZY,SAN DIEGO,US,11/29,29,E28
2025/03/20,2178.0,A,CA,NZY,SAN DIEGO,US,18/36,18,E28
2025/03/20,2178.0,A,CA,NZY,SAN DIEGO,US,18/36,36,E28
2025/03/20,2187.0,A,CA,SFO,SAN FRANCISCO,US,01L/19R,01L,EMAS
2025/03/20,2187.0,A,CA,SFO,SAN FRANCISCO,US,01L/19R,19R,EMAS
2025/03/20,2187.0,A,CA,SFO,SAN FRANCISCO,US,01R/19L,01R,EMAS
2025/03/20,2187.0,A,CA,SFO,SAN FRANCISCO,US,01R/19L,19L,EMAS
2025/03/20,2211.0,A,CA,SBP,SAN LUIS OBISPO,US,11/29,11,EMAS
2025/03/20,2211.0,A,CA,SBP,SAN LUIS OBISPO,US,11/29,29,EMAS
2025/03/20,2517.41,A,CO,BKF,AURORA,US,14/32,14,BAK-12B
2025/03/20,2517.41,A,CO,BKF,AURORA,US,14/32,32,BAK-12B
2025/03/20,2543.0,A,CO,COS,COLORADO SPRINGS,US,13/31,13,MA-1A
2025/03/20,2543.0,A,CO,COS,COLORADO SPRINGS,US,13/31,31,MA-1A MOD
2025/03/20,2742.0,A,CO,TEX,TELLURIDE,US,09/27,09,EMAS
2025/03/20,2742.0,A,CO,TEX,TELLURIDE,US,09/27,27,EMAS
2025/03/20,2785.0,A,CT,BDR,BRIDGEPORT,US,06/24,06,EMAS
2025/03/20,2823.0,A,CT,GON,GROTON (NEW LONDON),US,05/23,05,EMAS
2025/03/20,2823.0,A,CT,GON,GROTON (NEW LONDON),US,05/23,23,EMAS
2025/03/20,2999.0,A,DE,ILG,WILMINGTON,US,01/19,19,EMAS
2025/03/20,3001.0,A,DC,DCA,WASHINGTON,US,04/22,04,EMAS
2025/03/20,3001.0,A,DC,DCA,WASHINGTON,US,15/33,15,EMAS
2025/03/20,3001.0,A,DC,DCA,WASHINGTON,US,15/33,33,EMAS
2025/03/20,3043.0,A,FL,AGR,AVON PARK,US,05/23,05,BAK-12
2025/03/20,3043.0,A,FL,AGR,AVON PARK,US,05/23,23,MA-1A MOD
2025/03/20,3060.0,A,FL,BCT,BOCA RATON,US,05/23,05,EMAS
2025/03/20,3060.0,A,FL,BCT,BOCA RATON,US,05/23,23,EMAS
2025/03/20,3192.0,A,FL,FLL,FORT LAUDERDALE,US,10L/28R,10L,EMAS
2025/03/20,3192.0,A,FL,FLL,FORT LAUDERDALE,US,10L/28R,28R,EMAS
2025/03/20,3192.0,A,FL,FLL,FORT LAUDERDALE,US,10R/28L,10R,EMAS
2025/03/20,3192.0,A,FL,FLL,FORT LAUDERDALE,US,10R/28L,28L,EMAS
2025/03/20,3242.0,A,FL,HST,HOMESTEAD,US,06/24,06,E5
2025/03/20,3242.0,A,FL,HST,HOMESTEAD,US,06/24,24,E5
2025/03/20,3250.1,A,FL,JAX,JACKSONVILLE,US,08/26,08,BAK-14
2025/03/20,3250.1,A,FL,JAX,JACKSONVILLE,US,08/26,26,BAK-14
2025/03/20,3253.0,A,FL,NIP,JACKSONVILLE,US,10/28,10,E28
2025/03/20,3253.0,A,FL,NIP,JACKSONVILLE,US,10/28,28,E28
2025/03/20,3253.0,A,FL,NIP,JACKSONVILLE,US,14/32,14,E28
2025/03/20,3263.0,A,FL,EYW,KEY WEST,US,09/27,09,EMAS
2025/03/20,3263.0,A,FL,EYW,KEY WEST,US,09/27,27,EMAS
2025/03/20,3264.0,A,FL,NQX,KEY WEST,US,04/22,04,E28
2025/03/20,3264.0,A,FL,NQX,KEY WEST,US,04/22,22,E28
2025/03/20,3264.0,A,FL,NQX,KEY WEST,US,08/26,08,E28
2025/03/20,3264.0,A,FL,NQX,KEY WEST,US,08/26,26,E28
2025/03/20,3264.0,A,FL,NQX,KEY WEST,US,14/32,14,E28
2025/03/20,3264.0,A,FL,NQX,KEY WEST,US,14/32,32,E28
2025/03/20,3319.5,A,FL,HRT,MARY ESTHER,US,18/36,18,MA-1A MOD
2025/03/20,3319.5,A,FL,HRT,MARY ESTHER,US,18/36,36,MA-1A MOD
2025/03/20,3320.0,A,FL,NRB,MAYPORT,US,05/23,05,E28
2025/03/20,3320.0,A,FL,NRB,MAYPORT,US,05/23,23,E28
2025/03/20,3352.1,A,FL,NFJ,MILTON,US,18/36,18,E28
2025/03/20,3352.1,A,FL,NFJ,MILTON,US,18/36,36,E28
2025/03/20,3430.0,A,FL,PAM,PANAMA CITY,US,14L/32R,14L,BAK-12
2025/03/20,3430.0,A,FL,PAM,PANAMA CITY,US,14L/32R,14L,MB60
2025/03/20,3430.0,A,FL,PAM,PANAMA CITY,US,14L/32R,32R,BAK-12
2025/03/20,3430.0,A,FL,PAM,PANAMA CITY,US,14L/32R,32R,MB60
2025/03/20,3430.0,A,FL,PAM,PANAMA CITY,US,14R/32L,14R,BAK-12
2025/03/20,3430.0,A,FL,PAM,PANAMA CITY,US,14R/32L,14R,MA-1A
2025/03/20,3430.0,A,FL,PAM,PANAMA CITY,US,14R/32L,32L,BAK-12
2025/03/20,3430.0,A,FL,PAM,PANAMA CITY,US,14R/32L,32L,MA-1A
2025/03/20,3435.5,A,FL,NPA,PENSACOLA,US,01/19,01,E5
2025/03/20,3435.5,A,FL,NPA,PENSACOLA,US,01/19,19,E5
2025/03/20,3435.5,A,FL,NPA,PENSACOLA,US,07L/25R,07L,E5
2025/03/20,3435.5,A,FL,NPA,PENSACOLA,US,07L/25R,25R,E5
2025/03/20,3435.5,A,FL,NPA,PENSACOLA,US,07R/25L,07R,E5
2025/03/20,3435.5,A,FL,NPA,PENSACOLA,US,07R/25L,25L,E5
2025/03/20,3507.0,A,FL,SUA,STUART,US,12/30,12,EMAS
2025/03/20,3507.0,A,FL,SUA,STUART,US,12/30,30,EMAS
2025/03/20,3514.0,A,FL,MCF,TAMPA,US,05/23,05,BAK-12B
2025/03/20,3514.0,A,FL,MCF,TAMPA,US,05/23,23,BAK-12B
2025/03/20,3534.0,A,FL,VPS,VALPARAISO/DESTIN-FT WALTON BEACH,US,02/20,02,BAK-12
2025/03/20,3534.0,A,FL,VPS,VALPARAISO/DESTIN-FT WALTON BEACH,US,02/20,02,E5
2025/03/20,3534.0,A,FL,VPS,VALPARAISO/DESTIN-FT WALTON BEACH,US,02/20,20,BAK-12
2025/03/20,3534.0,A,FL,VPS,VALPARAISO/DESTIN-FT WALTON BEACH,US,02/20,20,E5
2025/03/20,3534.0,A,FL,VPS,VALPARAISO/DESTIN-FT WALTON BEACH,US,12/30,12,BAK-12B
2025/03/20,3534.0,A,FL,VPS,VALPARAISO/DESTIN-FT WALTON BEACH,US,12/30,30,BAK-12B
2025/03/20,3535.03,A,FL,EGI,CRESTVIEW,US,18/36,18,BAK-12
2025/03/20,3535.03,A,FL,EGI,CRESTVIEW,US,18/36,36,BAK-12
2025/03/20,3538.0,A,FL,VNC,VENICE,US,13/31,31,EMAS
2025/03/20,3555.0,A,FL,PBI,WEST PALM BEACH,US,14/32,14,EMAS
2025/03/20,3643.0,A,GA,PDK,ATLANTA,US,03R/21L,21L,EMAS
2025/03/20,3992.0,A,GA,SAV,SAVANNAH,US,10/28,10,BAK-12
2025/03/20,3992.0,A,GA,SAV,SAVANNAH,US,10/28,28,BAK-12
2025/03/20,4072.0,A,GA,VAD,VALDOSTA,US,18L/36R,18L,BAK-12
2025/03/20,4072.0,A,GA,VAD,VALDOSTA,US,18L/36R,18L,E5
2025/03/20,4072.0,A,GA,VAD,VALDOSTA,US,18L/36R,36R,BAK-12
2025/03/20,4072.0,A,GA,VAD,VALDOSTA,US,18L/36R,36R,E5
2025/03/20,4072.0,A,GA,VAD,VALDOSTA,US,18R/36L,18R,E5
2025/03/20,4072.0,A,GA,VAD,VALDOSTA,US,18R/36L,36L,E5
2025/03/20,4088.0,A,GA,WRB,WARNER ROBINS,US,15/33,15,BAK-14
2025/03/20,4088.0,A,GA,WRB,WARNER ROBINS,US,15/33,33,BAK-14
2025/03/20,4149.0,A,ID,BOI,BOISE,US,10R/28L,10R,BAK-14
2025/03/20,4149.0,A,ID,BOI,BOISE,US,10R/28L,28L,BAK-14
2025/03/20,4268.0,A,ID,MUO,MOUNTAIN HOME,US,12/30,12,BAK-12B
2025/03/20,4268.0,A,ID,MUO,MOUNTAIN HOME,US,12/30,30,BAK-12B
2025/03/20,4507.0,A,IL,MDW,CHICAGO,US,04R/22L,04R,EMAS
2025/03/20,4507.0,A,IL,MDW,CHICAGO,US,04R/22L,22L,EMAS
2025/03/20,4507.0,A,IL,MDW,CHICAGO,US,13C/31C,13C,EMAS
2025/03/20,4507.0,A,IL,MDW,CHICAGO,US,13C/31C,31C,EMAS
2025/03/20,4508.0,A,IL,ORD,CHICAGO,US,04R/22L,04R,EMAS
2025/03/20,4508.0,A,IL,ORD,CHICAGO,US,04R/22L,22L,EMAS
2025/03/20,4508.1,A,IL,PWK,CHICAGO/PROSPECT HEIGHTS/WHEELING,US,16/34,16,EMAS
2025/03/20,4508.1,A,IL,PWK,CHICAGO/PROSPECT HEIGHTS/WHEELING,US,16/34,34,EMAS
2025/03/20,5282.0,A,IN,FWA,FORT WAYNE,US,14/32,14,BAK-12
2025/03/20,5282.0,A,IN,FWA,FORT WAYNE,US,14/32,32,BAK-12B
2025/03/20,5575.0,A,IN,GUS,PERU,US,05/23,05,BAK-12B
2025/03/20,5575.0,A,IN,GUS,PERU,US,05/23,23,BAK-12B
2025/03/20,6341.0,A,IA,SUX,SIOUX CITY,US,13/31,13,BAK-12
2025/03/20,6341.0,A,IA,SUX,SIOUX CITY,US,13/31,31,BAK-12
2025/03/20,6979.0,A,KS,IAB,WICHITA,US,01L/19R,01L,BAK-12B
2025/03/20,6979.0,A,KS,IAB,WICHITA,US,01L/19R,19R,BAK-12B
2025/03/20,7233.0,A,KY,LEX,LEXINGTON,US,04/22,04,EMAS
2025/03/20,7233.0,A,KY,LEX,LEXINGTON,US,04/22,22,EMAS
2025/03/20,7411.0,A,LA,AEX,ALEXANDRIA,US,14/32,14,MA-1A MOD
2025/03/20,7411.0,A,LA,AEX,ALEXANDRIA,US,14/32,32,MA-1A MOD
2025/03/20,7443.12,A,LA,BAD,BOSSIER CITY,US,15/33,33,BAK-12
2025/03/20,7589.0,A,LA,LFT,LAFAYETTE,US,04R/22L,04R,EMAS
2025/03/20,7589.0,A,LA,LFT,LAFAYETTE,US,04R/22L,22L,EMAS
2025/03/20,7589.0,A,LA,LFT,LAFAYETTE,US,11/29,11,EMAS
2025/03/20,7589.0,A,LA,LFT,LAFAYETTE,US,11/29,29,EMAS
2025/03/20,7673.0,A,LA,NBG,NEW ORLEANS,US,04/22,04,E28
2025/03/20,7673.0,A,LA,NBG,NEW ORLEANS,US,04/22,22,E28
2025/03/20,7673.0,A,LA,NBG,NEW ORLEANS,US,14/32,14,E28
2025/03/20,7673.0,A,LA,NBG,NEW ORLEANS,US,14/32,32,E28
2025/03/20,7819.0,A,ME,AUG,AUGUSTA,US,17/35,17,EMAS
2025/03/20,7819.0,A,ME,AUG,AUGUSTA,US,17/35,35,EMAS
2025/03/20,8081.5,A,ME,ME16,LIMESTONE,US,01/19,01,BAK-12B
2025/03/20,8081.5,A,ME,ME16,LIMESTONE,US,01/19,19,BAK-12B
2025/03/20,8484.0,A,MD,ADW,CAMP SPRINGS,US,01L/19R,01L,BAK-14
2025/03/20,8484.0,A,MD,ADW,CAMP SPRINGS,US,01L/19R,19R,BAK-14
2025/03/20,8484.0,A,MD,ADW,CAMP SPRINGS,US,01R/19L,01R,BAK-14
2025/03/20,8484.0,A,MD,ADW,CAMP SPRINGS,US,01R/19L,19L,BAK-14
2025/03/20,8614.0,A,MD,NHK,PATUXENT RIVER,US,06/24,06,E28
2025/03/20,8614.0,A,MD,NHK,PATUXENT RIVER,US,06/24,24,E28
2025/03/20,8614.0,A,MD,NHK,PATUXENT RIVER,US,14/32,14,E28
2025/03/20,8614.0,A,MD,NHK,PATUXENT RIVER,US,14/32,32,E28
2025/03/20,8778.0,A,MA,BOS,BOSTON,US,04L/22R,04L,EMAS
2025/03/20,8778.0,A,MA,BOS,BOSTON,US,15R/33L,15R,EMAS
2025/03/20,8995.0,A,MA,HYA,HYANNIS,US,06/24,24,EMAS
2025/03/20,9398.0,A,MA,BAF,WESTFIELD/SPRINGFIELD,US,02/20,02,BAK-14
2025/03/20,9398.0,A,MA,BAF,WESTFIELD/SPRINGFIELD,US,02/20,20,BAK-14
2025/03/20,9462.0,A,MA,ORH,WORCESTER,US,11/29,11,EMAS
2025/03/20,9462.0,A,MA,ORH,WORCESTER,US,11/29,29,EMAS
2025/03/20,9518.0,A,MI,APN,ALPENA,US,01/19,01,BAK-12
2025/03/20,9518.0,A,MI,APN,ALPENA,US,01/19,01,BAK-14
2025/03/20,9518.0,A,MI,APN,ALPENA,US,01/19,19,BAK-12
2025/03/20,9518.0,A,MI,APN,ALPENA,US,01/19,19,BAK-14
2025/03/20,10653.0,A,MN,DLH,DULUTH,US,09/27,09,BAK-12
2025/03/20,10653.0,A,MN,DLH,DULUTH,US,09/27,09,BAK-14
2025/03/20,10653.0,A,MN,DLH,DULUTH,US,09/27,27,BAK-12
2025/03/20,10653.0,A,MN,DLH,DULUTH,US,09/27,27,BAK-14
2025/03/20,10824.0,A,MN,MSP,MINNEAPOLIS,US,12R/30L,12R,EMAS
2025/03/20,10974.0,A,MN,STP,ST PAUL,US,14/32,14,EMAS
2025/03/20,10974.0,A,MN,STP,ST PAUL,US,14/32,32,EMAS
2025/03/20,11195.0,A,MS,CBM,COLUMBUS,US,13C/31C,13C,MA-1A
2025/03/20,11195.0,A,MS,CBM,COLUMBUS,US,13C/31C,31C,MA-1A
2025/03/20,11195.0,A,MS,CBM,COLUMBUS,US,13L/31R,13L,MA-1A
2025/03/20,11195.0,A,MS,CBM,COLUMBUS,US,13L/31R,31R,MA-1A
2025/03/20,11253.0,A,MS,GPT,GULFPORT,US,14/32,14,BAK-14
2025/03/20,11253.0,A,MS,GPT,GULFPORT,US,14/32,32,BAK-14
2025/03/20,11339.1,A,MS,NMM,MERIDIAN,US,01L/19R,01L,E28
2025/03/20,11339.1,A,MS,NMM,MERIDIAN,US,01L/19R,19R,E28
2025/03/20,11339.1,A,MS,NMM,MERIDIAN,US,01R/19L,01R,E28
2025/03/20,11339.1,A,MS,NMM,MERIDIAN,US,01R/19L,19L,E28
2025/03/20,11339.1,A,MS,NMM,MERIDIAN,US,10/28,10,E28
2025/03/20,11339.1,A,MS,NMM,MERIDIAN,US,10/28,28,E28
2025/03/20,11339.2,A,MS,NJW,MERIDIAN,US,14/32,14,E28
2025/03/20,11339.2,A,MS,NJW,MERIDIAN,US,14/32,32,E28
2025/03/20,11816.0,A,MO,MKC,KANSAS CITY,US,01/19,01,EMAS
2025/03/20,11816.0,A,MO,MKC,KANSAS CITY,US,01/19,19,EMAS
2025/03/20,12077.0,A,MO,STL,ST LOUIS,US,06/24,06,BAK-12B
2025/03/20,12077.0,A,MO,STL,ST LOUIS,US,12R/30L,12R,BAK-12B
2025/03/20,12077.0,A,MO,STL,ST LOUIS,US,12R/30L,30L,BAK-12B
2025/03/20,13057.0,A,NV,NFL,FALLON,US,07/25,07,E28
2025/03/20,13057.0,A,NV,NFL,FALLON,US,07/25,25,E28
2025/03/20,13057.0,A,NV,NFL,FALLON,US,13L/31R,13L,E28
2025/03/20,13057.0,A,NV,NFL,FALLON,US,13L/31R,31R,E28
2025/03/20,13057.0,A,NV,NFL,FALLON,US,13R/31L,13R,E28
2025/03/20,13057.0,A,NV,NFL,FALLON,US,13R/31L,31L,E28
2025/03/20,13079.0,A,NV,INS,INDIAN SPRINGS,US,08/26,08,BAK-12
2025/03/20,13079.0,A,NV,INS,INDIAN SPRINGS,US,08/26,08,BAK-14
2025/03/20,13079.0,A,NV,INS,INDIAN SPRINGS,US,08/26,08,E5
2025/03/20,13079.0,A,NV,INS,INDIAN SPRINGS,US,08/26,26,BAK-12
2025/03/20,13079.0,A,NV,INS,INDIAN SPRINGS,US,08/26,26,BAK-14
2025/03/20,13079.0,A,NV,INS,INDIAN SPRINGS,US,08/26,26,E5
2025/03/20,13081.0,A,NV,LSV,LAS VEGAS,US,03L/21R,03L,BAK-12
2025/03/20,13081.0,A,NV,LSV,LAS VEGAS,US,03L/21R,21R,BAK-12
2025/03/20,13081.0,A,NV,LSV,LAS VEGAS,US,03R/21L,03R,BAK-12
2025/03/20,13081.0,A,NV,LSV,LAS VEGAS,US,03R/21L,03R,BAK-14
2025/03/20,13081.0,A,NV,LSV,LAS VEGAS,US,03R/21L,21L,BAK-12
2025/03/20,13081.0,A,NV,LSV,LAS VEGAS,US,03R/21L,21L,BAK-14
2025/03/20,13138.1,A,NV,TNX,TONOPAH,US,14/32,14,BAK-12B
2025/03/20,13138.1,A,NV,TNX,TONOPAH,US,14/32,14,BAK-14
2025/03/20,13138.1,A,NV,TNX,TONOPAH,US,14/32,32,BAK-12B
2025/03/20,13138.1,A,NV,TNX,TONOPAH,US,14/32,32,BAK-14
2025/03/20,13332.0,A,NH,MHT,MANCHESTER,US,06/24,06,EMAS
2025/03/20,13487.0,A,NJ,ACY,ATLANTIC CITY,US,13/31,13,BAK-14
2025/03/20,13487.0,A,NJ,ACY,ATLANTIC CITY,US,13/31,31,BAK-14
2025/03/20,14052.0,A,NJ,EWR,NEWARK,US,11/29,11,EMAS
2025/03/20,14052.0,A,NJ,EWR,NEWARK,US,11/29,29,EMAS
2025/03/20,14349.0,A,NJ,TEB,TETERBORO,US,01/19,19,EMAS
2025/03/20,14349.0,A,NJ,TEB,TETERBORO,US,06/24,06,EMAS
2025/03/20,14349.0,A,NJ,TEB,TETERBORO,US,06/24,24,EMAS
2025/03/20,14366.0,A,NJ,TTN,TRENTON,US,06/24,06,EMAS
2025/03/20,14366.0,A,NJ,TTN,TRENTON,US,06/24,24,EMAS
2025/03/20,14366.0,A,NJ,TTN,TRENTON,US,16/34,16,EMAS
2025/03/20,14366.0,A,NJ,TTN,TRENTON,US,16/34,34,EMAS
2025/03/20,14525.0,A,NM,HMN,ALAMOGORDO,US,04/22,04,BAK-12B
2025/03/20,14525.0,A,NM,HMN,ALAMOGORDO,US,04/22,22,BAK-12B
2025/03/20,14525.0,A,NM,HMN,ALAMOGORDO,US,07/25,07,BAK-12B
2025/03/20,14525.0,A,NM,HMN,ALAMOGORDO,US,07/25,25,BAK-12B
2025/03/20,14525.0,A,NM,HMN,ALAMOGORDO,US,16/34,16,BAK-12B
2025/03/20,14525.0,A,NM,HMN,ALAMOGORDO,US,16/34,34,BAK-12B
2025/03/20,14904.0,A,NY,BGM,BINGHAMTON,US,16/34,16,EMAS
2025/03/20,14904.0,A,NY,BGM,BINGHAMTON,US,16/34,34,EMAS
2025/03/20,15203.0,A,NY,ELM,ELMIRA/CORNING,US,06/24,06,EMAS
2025/03/20,15236.0,A,NY,FRG,FARMINGDALE,US,14/32,14,EMAS
2025/03/20,15236.0,A,NY,FRG,FARMINGDALE,US,14/32,32,EMAS
2025/03/20,15793.0,A,NY,JFK,NEW YORK,US,04R/22L,04R,EMAS
2025/03/20,15793.0,A,NY,JFK,NEW YORK,US,04R/22L,22L,EMAS
2025/03/20,15794.0,A,NY,LGA,NEW YORK,US,04/22,04,EMAS
2025/03/20,15794.0,A,NY,LGA,NEW YORK,US,04/22,22,EMAS
2025/03/20,15794.0,A,NY,LGA,NEW YORK,US,13/31,13,EMAS
2025/03/20,15794.0,A,NY,LGA,NEW YORK,US,13/31,31,EMAS
2025/03/20,16034.0,A,NY,ROC,ROCHESTER,US,10/28,28,EMAS
2025/03/20,16608.0,A,NC,CLT,CHARLOTTE,US,18L/36R,36R,EMAS
2025/03/20,16619.0,A,NC,NKT,CHERRY POINT,US,05L/23R,23R,E28
2025/03/20,16619.0,A,NC,NKT,CHERRY POINT,US,05R/23L,05R,E28
2025/03/20,16619.0,A,NC,NKT,CHERRY POINT,US,14L/32R,14L,E28
2025/03/20,16619.0,A,NC,NKT,CHERRY POINT,US,14L/32R,14L,E5
2025/03/20,16619.0,A,NC,NKT,CHERRY POINT,US,14R/32L,32L,E28
2025/03/20,16747.0,A,NC,GSB,GOLDSBORO,US,08/26,08,BAK-12
2025/03/20,16747.0,A,NC,GSB,GOLDSBORO,US,08/26,26,BAK-12
2025/03/20,16971.0,A,NC,EWN,NEW BERN,US,04/22,22,EMAS
2025/03/20,17220.0,A,NC,INT,WINSTON SALEM,US,15/33,15,EMAS
2025/03/20,17746.0,A,OH,CLE,CLEVELAND,US,10/28,10,EMAS
2025/03/20,17746.0,A,OH,CLE,CLEVELAND,US,10/28,28,EMAS
2025/03/20,17756.0,A,OH,CGF,CLEVELAND,US,06/24,06,EMAS
2025/03/20,17756.0,A,OH,CGF,CLEVELAND,US,06/24,24,EMAS
2025/03/20,17757.0,A,OH,BKL,CLEVELAND,US,06L/24R,24R,EMAS
2025/03/20,17827.0,A,OH,FFO,DAYTON,US,05L/23R,05L,BAK-12B
2025/03/20,17827.0,A,OH,FFO,DAYTON,US,05L/23R,05L,BAK-14
2025/03/20,18577.0,A,OH,TOL,TOLEDO,US,07/25,07,BAK-12B
2025/03/20,18577.0,A,OH,TOL,TOLEDO,US,07/25,07,BAK-14
2025/03/20,18577.0,A,OH,TOL,TOLEDO,US,07/25,25,BAK-12B
2025/03/20,18577.0,A,OH,TOL,TOLEDO,US,07/25,25,BAK-14
2025/03/20,18954.0,A,OK,END,ENID,US,17C/35C,17C,MA-1A
2025/03/20,18954.0,A,OK,END,ENID,US,17C/35C,35C,MA-1A
2025/03/20,18954.0,A,OK,END,ENID,US,17R/35L,17R,MA-1A
2025/03/20,18954.0,A,OK,END,ENID,US,17R/35L,35L,MA-1A
2025/03/20,19283.0,A,OK,TUL,TULSA,US,08/26,08,BAK-14
2025/03/20,19283.0,A,OK,TUL,TULSA,US,08/26,26,BAK-14
2025/03/20,19283.0,A,OK,TUL,TULSA,US,18L/36R,18L,BAK-14
2025/03/20,19283.0,A,OK,TUL,TULSA,US,18L/36R,36R,BAK-14
2025/03/20,19481.0,A,OR,LMT,KLAMATH FALLS,US,14/32,14,BAK-12
2025/03/20,19481.0,A,OR,LMT,KLAMATH FALLS,US,14/32,32,BAK-12
2025/03/20,19571.0,A,OR,PDX,PORTLAND,US,10R/28L,10R,BAK-12B
2025/03/20,19571.0,A,OR,PDX,PORTLAND,US,10R/28L,28L,BAK-12B
2025/03/20,19673.0,A,PA,ABE,ALLENTOWN,US,13/31,13,EMAS
2025/03/20,19673.0,A,PA,ABE,ALLENTOWN,US,13/31,31,EMAS
2025/03/20,21329.0,A,PA,RDG,READING,US,13/31,13,EMAS
2025/03/20,21781.0,A,PA,AVP,WILKES-BARRE/SCRANTON,US,04/22,04,EMAS
2025/03/20,21781.0,A,PA,AVP,WILKES-BARRE/SCRANTON,US,04/22,22,EMAS
2025/03/20,22024.0,A,RI,PVD,PROVIDENCE,US,05/23,05,EMAS
2025/03/20,22024.0,A,RI,PVD,PROVIDENCE,US,16/34,16,EMAS
2025/03/20,22024.0,A,RI,PVD,PROVIDENCE,US,16/34,34,EMAS
2025/03/20,22124.0,A,SC,NBC,BEAUFORT,US,05/23,05,E28
2025/03/20,22124.0,A,SC,NBC,BEAUFORT,US,05/23,23,E28
2025/03/20,22124.0,A,SC,NBC,BEAUFORT,US,14/32,14,E28
2025/03/20,22124.0,A,SC,NBC,BEAUFORT,US,14/32,32,E28
2025/03/20,22174.0,A,SC,CHS,CHARLESTON,US,15/33,15,BAK-12
2025/03/20,22174.0,A,SC,CHS,CHARLESTON,US,15/33,33,BAK-12
2025/03/20,22253.0,A,SC,MMT,EASTOVER,US,14/32,14,BAK-12
2025/03/20,22253.0,A,SC,MMT,EASTOVER,US,14/32,14,BAK-14
2025/03/20,22253.0,A,SC,MMT,EASTOVER,US,14/32,32,BAK-12
2025/03/20,22253.0,A,SC,MMT,EASTOVER,US,14/32,32,BAK-14
2025/03/20,22309.0,A,SC,GMU,GREENVILLE,US,01/19,01,EMAS
2025/03/20,22310.0,A,SC,GYH,GREENVILLE,US,05/23,05,BAK-14
2025/03/20,22310.0,A,SC,GYH,GREENVILLE,US,05/23,23,BAK-14
2025/03/20,22328.51,A,SC,HXD,HILTON HEAD ISLAND,US,03/21,03,EMAS
2025/03/20,22328.51,A,SC,HXD,HILTON HEAD ISLAND,US,03/21,21,EMAS
2025/03/20,22444.0,A,SC,MYR,MYRTLE BEACH,US,18/36,18,MA-1A
2025/03/20,22444.0,A,SC,MYR,MYRTLE BEACH,US,18/36,36,MA-1A
2025/03/20,22538.0,A,SC,SSC,SUMTER,US,04L/22R,04L,BAK-12
2025/03/20,22538.0,A,SC,SSC,SUMTER,US,04L/22R,22R,BAK-12
2025/03/20,22538.0,A,SC,SSC,SUMTER,US,04R/22L,04R,BAK-12
2025/03/20,22538.0,A,SC,SSC,SUMTER,US,04R/22L,04R,E5
2025/03/20,22538.0,A,SC,SSC,SUMTER,US,04R/22L,22L,BAK-12
2025/03/20,22538.0,A,SC,SSC,SUMTER,US,04R/22L,22L,E5
2025/03/20,22789.0,A,SD,FSD,SIOUX FALLS,US,03/21,03,BAK-12
2025/03/20,22789.0,A,SD,FSD,SIOUX FALLS,US,03/21,03,BAK-14
2025/03/20,22789.0,A,SD,FSD,SIOUX FALLS,US,03/21,21,BAK-12
2025/03/20,22789.0,A,SD,FSD,SIOUX FALLS,US,03/21,21,BAK-14
2025/03/20,22789.0,A,SD,FSD,SIOUX FALLS,US,15/33,15,BAK-12
2025/03/20,22789.0,A,SD,FSD,SIOUX FALLS,US,15/33,15,BAK-14
2025/03/20,22789.0,A,SD,FSD,SIOUX FALLS,US,15/33,33,BAK-12
2025/03/20,22789.0,A,SD,FSD,SIOUX FALLS,US,15/33,33,BAK-14
2025/03/20,23097.0,A,TN,MEM,MEMPHIS,US,18R/36L,18R,EMAS
2025/03/20,23122.1,A,TN,JWN,NASHVILLE,US,02/20,20,EMAS
2025/03/20,23369.0,A,TX,AUS,AUSTIN,US,18R/36L,18R,BAK-12B
2025/03/20,23658.0,A,TX,NGW,CORPUS CHRISTI,US,13/31,13,E5
2025/03/20,23658.0,A,TX,NGW,CORPUS CHRISTI,US,18/36,18,E5
2025/03/20,23710.3,A,TX,ADS,DALLAS,US,16/34,16,EMAS
2025/03/20,23744.0,A,TX,DLF,DEL RIO,US,13C/31C,13C,MA-1A
2025/03/20,23744.0,A,TX,DLF,DEL RIO,US,13C/31C,31C,MA-1A
2025/03/20,23744.0,A,TX,DLF,DEL RIO,US,13L/31R,13L,MA-1A
2025/03/20,23744.0,A,TX,DLF,DEL RIO,US,13L/31R,31R,MA-1A
2025/03/20,23876.0,A,TX,BIF,FORT BLISS/EL PASO/,US,04/22,04,BAK-12
2025/03/20,23876.0,A,TX,BIF,FORT BLISS/EL PASO/,US,04/22,04,BAK-14
2025/03/20,23876.0,A,TX,BIF,FORT BLISS/EL PASO/,US,04/22,22,BAK-12
2025/03/20,23876.0,A,TX,BIF,FORT BLISS/EL PASO/,US,04/22,22,BAK-14
2025/03/20,23895.0,A,TX,NFW,FORT WORTH,US,18/36,18,E28
2025/03/20,23895.0,A,TX,NFW,FORT WORTH,US,18/36,36,E28
2025/03/20,24067.3,A,TX,EFD,HOUSTON,US,04/22,04,BAK-12
2025/03/20,24067.3,A,TX,EFD,HOUSTON,US,04/22,04,BAK-14
2025/03/20,24067.3,A,TX,EFD,HOUSTON,US,04/22,22,BAK-12
2025/03/20,24067.3,A,TX,EFD,HOUSTON,US,04/22,22,BAK-14
2025/03/20,24067.3,A,TX,EFD,HOUSTON,US,17R/35L,17R,BAK-12
2025/03/20,24067.3,A,TX,EFD,HOUSTON,US,17R/35L,17R,BAK-14
2025/03/20,24067.3,A,TX,EFD,HOUSTON,US,17R/35L,35L,BAK-12
2025/03/20,24067.3,A,TX,EFD,HOUSTON,US,17R/35L,35L,BAK-14
2025/03/20,24166.0,A,TX,NQI,KINGSVILLE,US,13L/31R,13L,E28
2025/03/20,24166.0,A,TX,NQI,KINGSVILLE,US,13L/31R,31R,E28
2025/03/20,24166.0,A,TX,NQI,KINGSVILLE,US,13R/31L,13R,E28
2025/03/20,24166.0,A,TX,NQI,KINGSVILLE,US,13R/31L,31L,E28
2025/03/20,24166.0,A,TX,NQI,KINGSVILLE,US,17L/35R,17L,E28
2025/03/20,24166.0,A,TX,NQI,KINGSVILLE,US,17L/35R,35R,E28
2025/03/20,24166.0,A,TX,NQI,KINGSVILLE,US,17R/35L,17R,E28
2025/03/20,24166.0,A,TX,NQI,KINGSVILLE,US,17R/35L,35L,E28
2025/03/20,24194.0,A,TX,LRD,LAREDO,US,18R/36L,18R,EMAS
2025/03/20,24446.0,A,TX,NOG,ORANGE GROVE,US,01/19,01,E28
2025/03/20,24446.0,A,TX,NOG,ORANGE GROVE,US,01/19,19,E28
2025/03/20,24446.0,A,TX,NOG,ORANGE GROVE,US,13/31,13,E28
2025/03/20,24446.0,A,TX,NOG,ORANGE GROVE,US,13/31,31,E28
2025/03/20,24704.0,A,TX,SKF,SAN ANTONIO,US,16/34,16,BAK-12
2025/03/20,24704.0,A,TX,SKF,SAN ANTONIO,US,16/34,34,BAK-12
2025/03/20,24949.0,A,TX,RND,UNIVERSAL CITY,US,15L/33R,15L,MA-1A
2025/03/20,24949.0,A,TX,RND,UNIVERSAL CITY,US,15L/33R,33R,MA-1A
2025/03/20,24949.0,A,TX,RND,UNIVERSAL CITY,US,15R/33L,15R,MA-1A
2025/03/20,24949.0,A,TX,RND,UNIVERSAL CITY,US,15R/33L,33L,MA-1A
2025/03/20,25029.0,A,TX,SPS,WICHITA FALLS,US,15C/33C,15C,MA-1A
2025/03/20,25029.0,A,TX,SPS,WICHITA FALLS,US,15C/33C,33C,MA-1A
2025/03/20,25029.0,A,TX,SPS,WICHITA FALLS,US,15R/33L,15R,MA-1A
2025/03/20,25029.0,A,TX,SPS,WICHITA FALLS,US,15R/33L,33L,MA-1A
2025/03/20,25124.3,A,UT,DPG,DUGWAY PROVING GROUND,US,12/30,12,E5
2025/03/20,25232.0,A,UT,HIF,OGDEN,US,14/32,14,BAK-14
2025/03/20,25232.0,A,UT,HIF,OGDEN,US,14/32,32,BAK-14
2025/03/20,25385.0,A,VT,BTV,BURLINGTON,US,15/33,15,MA-1A
2025/03/20,25385.0,A,VT,BTV,BURLINGTON,US,15/33,33,BAK-12
2025/03/20,25815.0,A,VA,LFI,HAMPTON,US,08/26,08,E5
2025/03/20,25815.0,A,VA,LFI,HAMPTON,US,08/26,26,BAK-12
2025/03/20,25903.0,A,VA,NGU,NORFOLK,US,10/28,10,E28
2025/03/20,25903.0,A,VA,NGU,NORFOLK,US,10/28,28,E28
2025/03/20,25986.0,A,VA,ROA,ROANOKE,US,16/34,34,EMAS
2025/03/20,26043.11,A,VA,NTU,VIRGINIA BEACH,US,05L/23R,05L,E28
2025/03/20,26043.11,A,VA,NTU,VIRGINIA BEACH,US,05L/23R,23R,E28
2025/03/20,26043.11,A,VA,NTU,VIRGINIA BEACH,US,05R/23L,05R,E28
2025/03/20,26043.11,A,VA,NTU,VIRGINIA BEACH,US,05R/23L,23L,E28
2025/03/20,26043.11,A,VA,NTU,VIRGINIA BEACH,US,14L/32R,14L,E28
2025/03/20,26043.11,A,VA,NTU,VIRGINIA BEACH,US,14L/32R,32R,E28
2025/03/20,26043.11,A,VA,NTU,VIRGINIA BEACH,US,14R/32L,14R,E28
2025/03/20,26043.11,A,VA,NTU,VIRGINIA BEACH,US,14R/32L,32L,E28
2025/03/20,26047.8,A,VA,WAL,WALLOPS ISLAND,US,04/22,22,E28
2025/03/20,26323.0,A,WA,NUW,OAK HARBOR,US,07/25,07,E28
2025/03/20,26323.0,A,WA,NUW,OAK HARBOR,US,07/25,25,E28
2025/03/20,26323.0,A,WA,NUW,OAK HARBOR,US,14/32,14,E28
2025/03/20,26323.0,A,WA,NUW,OAK HARBOR,US,14/32,32,E28
2025/03/20,26432.0,A,WA,TCM,TACOMA,US,16/34,16,BAK-12B
2025/03/20,26432.0,A,WA,TCM,TACOMA,US,16/34,16,E5
2025/03/20,26432.0,A,WA,TCM,TACOMA,US,16/34,34,BAK-12B
2025/03/20,26432.0,A,WA,TCM,TACOMA,US,16/34,34,E5
2025/03/20,26575.0,A,WV,CRW,CHARLESTON,US,05/23,23,EMAS
2025/03/20,27085.0,A,WI,VOK,CAMP DOUGLAS,US,09/27,09,BAK-12
2025/03/20,27085.0,A,WI,VOK,CAMP DOUGLAS,US,09/27,27,BAK-12
2025/03/20,27346.0,A,WI,MSN,MADISON,US,03/21,21,BAK-14
2025/03/20,27346.0,A,WI,MSN,MADISON,US,18/36,18,BAK-14
2025/03/20,27346.0,A,WI,MSN,MADISON,US,18/36,36,BAK-14
2025/03/20,50036.0,A,AK,EDF,ANCHORAGE,US,06/24,06,BAK-12B
2025/03/20,50036.0,A,AK,EDF,ANCHORAGE,US,06/24,24,BAK-12B
2025/03/20,50036.0,A,AK,EDF,ANCHORAGE,US,16/34,16,BAK-12B
2025/03/20,50036.0,A,AK,EDF,ANCHORAGE,US,16/34,34,BAK-12B
2025/03/20,50124.0,A,AK,CDV,CORDOVA,US,09/27,27,EMAS
2025/03/20,50217.0,A,AK,EIL,FAIRBANKS,US,14/32,14,BAK-12B
2025/03/20,50217.0,A,AK,EIL,FAIRBANKS,US,14/32,32,BAK-12B
2025/03/20,50416.0,A,AK,AKN,KING SALMON,US,12/30,12,BAK-12
2025/03/20,50416.0,A,AK,AKN,KING SALMON,US,12/30,30,BAK-12
2025/03/20,50425.0,A,AK,ADQ,KODIAK,US,01/19,01,EMAS
2025/03/20,50425.0,A,AK,ADQ,KODIAK,US,08/26,08,EMAS
2025/03/20,50540.0,A,AK,OME,NOME,US,10/28,28,EMAS
2025/03/20,50699.0,A,AK,SYA,SHEMYA,US,10/28,10,BAK-12
2025/03/20,50699.0,A,AK,SYA,SHEMYA,US,10/28,28,BAK-12
2025/03/20,51510.2,A,GU,UAM,YIGO,US,06L/24R,06L,BAK-12
2025/03/20,51510.2,A,GU,UAM,YIGO,US,06L/24R,24R,BAK-12
2025/03/20,51510.2,A,GU,UAM,YIGO,US,06R/24L,06R,BAK-12
2025/03/20,51510.2,A,GU,UAM,YIGO,US,06R/24L,24L,BAK-12
2025/03/20,52161.0,A,HI,HNL,HONOLULU,US,04R/22L,04R,BAK-14
2025/03/20,52161.0,A,HI,HNL,HONOLULU,US,08R/26L,26L,BAK-14
2025/03/20,52278.0,A,HI,NGF,KANEOHE,US,04/22,04,E28
2025/03/20,52278.0,A,HI,NGF,KANEOHE,US,04/22,22,E28
2025/03/20,52302.1,A,HI,BKH,"KEKAHA,KAUAI",US,16/34,16,BAK-12
