EFF_DATE,SITE_NO,SITE_TYPE_CODE,STATE_CODE,ARPT_ID,CITY,COUNTRY_CODE,MIL_OPS_OPER_CODE,MIL_OPS_CALL,MIL_OPS_HRS,AMCP_HRS,PMSV_HRS,REMARK
2025/03/20,124.0,A,AL,79J,ANDALUSIA,US,R,,,,,
2025/03/20,164.0,A,AL,BHM,BIRMINGHAM,US,A,DIXIE,0700-1730 TUE-SUN,,,
2025/03/20,329.0,A,AL,OZR,FORT NOVOSEL (OZARK),US,R,CAIRNS OPNS,24,,,
2025/03/20,446.0,A,AL,MXF,MONTGOMERY,US,A,MAXWELL DISPATCH,0600-2200 WKDAYS; 0800-2000 WKENDS,,,"(PMSV_HRS) FULL SVC AVBL 1400-0400Z++ WKD; 1600-0000Z++ WKEND; CLSD FEDERAL HOL. AERODROME TAF COMPLETED BY 26 OWS; FOR UPDTD FCST CTC MXF WX DSN 493-2071, C334-953-2071. ASOS IN USE, AUGMENTED WHEN NECESSARY DUR AFLD OPR HR."
2025/03/20,492.5,A,AL,HUA,REDSTONE ARSNL HUNTSVILLE,US,R,REDSTONE,"OPR 1300-2200Z++ MON-FRI EXC HOL, OT O/R.",,,
2025/03/20,546.0,A,AL,TOI,TROY,US,R,TROY OPS,0700-2200,,,
2025/03/20,665.0,A,AZ,P52,COTTONWOOD,US,,TIVE,,,,
2025/03/20,682.0,A,AZ,FHU,FORT HUACHUCA SIERRA VISTA,US,R,LIBBY ADVISORY,,,,(MIL_OPS_HRS) BASE OPS MON 0600Z-SAT 0600Z; EXC HOL. OTR TIME 72 HR PPR - D879-2862/2860/C520-538-2862/2860.
2025/03/20,692.25,A,AZ,LUF,GLENDALE,US,A,LUKE,"OPR 1330Z-0530Z MON-THU, 1330Z-0130Z FRI, CLSD WKEND, HOL, AND AETC FAMILY DAYS.",,PART TIME,
2025/03/20,753.0,A,AZ,IWA,PHOENIX,US,,,,,PART-TIME,
2025/03/20,754.0,A,AZ,PHX,PHOENIX,US,A,GUARD OPERATIONS,,,,"(MIL_OPS_HRS) OPS 1200-0100Z MON-THU; 1200-2200Z FRI, 48 HR PPR. CLSD WKEND, HOL. AMOPS D853-9162/C602-302-9162. 24 HR CP D853-9071. BIRDS INVOF; BASH PHASE I JAN-FEB & JUN-SEP MIG SEASON INCREASED BIRD ACTV. PHASE II HVY BIRD ACT. BWC UPON REQUEST. SEE AP1."
2025/03/20,816.0,A,AZ,TUS,TUCSON,US,A,GUARD OPNS,0700-1545,,,
2025/03/20,817.0,A,AZ,DMA,TUCSON,US,,,BASE OPS OPR 1300-2200Z++ MON-FRI EXC HOL.,,,
2025/03/20,841.0,A,AZ,NYL,YUMA,US,N,YUMA COMMAND POST,"1430-0600Z DLY, CLSD HOL, OT BY NOTAM.",0600-2300,PART-TIME,(PMSV_HRS) PMSV AVBL MON-FRI 1400-2330Z.
2025/03/20,912.6,A,AR,RBM,CAMP ROBINSON/LITTLE ROCK,US,R,NG OPS,24,,,
2025/03/20,987.0,A,AR,FSM,FORT SMITH,US,R,ATLAS,0800-1630,,,
2025/03/20,1028.21,A,AR,LRF,JACKSONVILLE,US,,,,24,CONTINUOUS,
2025/03/20,1370.05,H,CA,SYL,CAMP ROBERTS/SAN MIGUEL,US,R,ROBERTS OPNS,0800-1700 EXC HOL,,,
2025/03/20,1376.1,A,CA,CRQ,CARLSBAD,US,,,,,0600-1600 MON-FRI; EXCP HOLS; LTD SVC OTS.,
2025/03/20,1397.7,A,CA,NID,CHINA LAKE,US,,,,,OPR 1300-0700Z++ MON-FRI; CLSD ALTN FRI.,
2025/03/20,1526.8,A,CA,EDW,EDWARDS,US,A,EDWARDS,16,,"FULL SVC MON-FRI 1300-0600Z++, SAT 1200-0200Z++, SUN 1600-0000Z++, CLSD HOL.",(PMSV_HRS) AFTER HR WX BRIEFINGS/UPDATES AVBL FR THE 25 OWS AT DSN 228-6958/6599/6588 OR C520-228-6958/6599/6588.
2025/03/20,1565.1,A,CA,SUU,FAIRFIELD,US,A,TRAVIS OPNS,24,24,SEE TOWER REMARKS,
2025/03/20,1582.5,H,CA,HGT,FORT HUNTER LIGGET JOLON,US,R,HUNTER-33,AVBL 1600-0000Z++ MON-FRI EXC HOL. PPR DSN 686-2403/2503.,,,
2025/03/20,1584.7,A,CA,BYS,FORT IRWIN/BARSTOW,US,R,RANGE CONTROL,0600-1900,,,
2025/03/20,1591.0,A,CA,FAT,FRESNO,US,R,SHARK,0730-1630 MON-FRI,,,
2025/03/20,1767.12,A,CA,NLC,LEMOORE,US,N,LEMOORE RASBERRY,,,"AVBL MON-FRI 1500-0800Z++, SAT-SUN 1700-0200Z++.  ALSO AVBL ONE HR PRIOR AND DURG NOTAMED AFLD HRS.",
2025/03/20,1796.0,A,CA,SLI,LOS ALAMITOS,US,,,"AFLD OPS - OPR 1400-0000Z++ FRI-SUN; 1400-0600Z++ MON-THU; CLSD ALL FEDERAL HOL.  126.2, 237.2 ADVSY SVC AVBL UPON REQ TO TENANT UNITS.  EXP CLOSURE OR RDCD SVC PER NOTAM.",,,
2025/03/20,1818.0,A,CA,LAX,LOS ANGELES,US,F,SAMSO FLT OPS,24,,,
2025/03/20,1873.3,A,CA,BAB,MARYSVILLE,US,,,,,PMSV MNT DUR ACTIVE AFLD HRS.,
2025/03/20,1972.0,A,CA,NFG,OCEANSIDE,US,,,,,24 HRS,
2025/03/20,2057.0,A,CA,NTD,OXNARD,US,N,MUGU OPERATIONS,0700-2300 CLSD HOL.,,,
2025/03/20,2115.0,A,CA,RIV,RIVERSIDE,US,A,MARCH,,,,"(PMSV_HRS) AUGMENTED AWOS IN USE. WX STATION H24, DSN 447-3602, C951-655-3602. FOR ADDN INFO OR DUR EVAC OF WX, CTC THE 25TH OWS AT DAVIS MONTHAN AFB, AZ DSN 228-6698, C520-228-6698. "
2025/03/20,2177.0,A,CA,NKX,SAN DIEGO,US,N,NAVY OPERATIONS,MON-THU 1530-0800Z; FRI 1630-0200Z++; SAT CLSD; SUN 2200-0200Z++; EXP FLD CLOSURE ON NATL HOL WKENDS.,,24,
2025/03/20,2178.0,A,CA,NZY,SAN DIEGO,US,N,NORTH ISLAND OPNS,1430Z++ MON- 0600Z++ SAT; 1600Z++ SAT- 0600Z++ SUN; 1600Z++ SUN- 0600Z++ MON. CLSD 0200Z++ DAY PRIOR TO 1430Z++ DAY FOLLOWING ALL FEDERAL HOLIDAYS. SEE FLIP AP/1 SUPPLEMENTARY ARPT INFO.,,CONTINUOUS,
2025/03/20,2314.0,A,CA,SCK,STOCKTON,US,R,SCHOONER,ARNG OPR 1500-2330Z++ MON-FRI. ,,,
2025/03/20,2380.01,A,CA,NXP,TWENTYNINE PALMS,US,N,BEARMAT RANGE CTL,INTERMITTENT,,,
2025/03/20,2517.41,A,CO,BKF,AURORA,US,R,NG OPS,24,24,,
2025/03/20,2543.0,A,CO,COS,COLORADO SPRINGS,US,,,,,CONTINUOUS,
2025/03/20,2592.81,A,CO,CO90,ELLICOTT,US,A,BULLSEYE,PPR OFFICIAL BUSINESS ONLY DSN 333-2367 COM  719-333-2367.,,PPR OFFICIAL BUSINESS ONLY DSN 333-2367 COM  719-333-2367.,
2025/03/20,2602.2,A,CO,FCS,FORT CARSON,US,,,,,WX TECHNICIAN AVBL 24/7 EXC HOL.,
2025/03/20,2946.0,A,CT,BDL,WINDSOR LOCKS,US,R,FURY OPERATIONS,MON WED FRI & SAT 0800-1630; TUE & THU 0800-2230.,,,
2025/03/20,2967.0,A,DE,DOV,DOVER,US,,,,,CONTINUOUS,
2025/03/20,3121.0,A,FL,COF,COCOA BEACH,US,,,,24,24,
2025/03/20,3121.12,A,FL,XMR,COCOA BEACH,US,,,"OPR FOR SKED OPS ONLY. MON-FRI, CLSD SAT, SUN, AND HOL.  PPR",,24,
2025/03/20,3242.0,A,FL,HST,HOMESTEAD,US,A,MAKO,0500-2300,24,24,
2025/03/20,3250.3,A,FL,VQQ,JACKSONVILLE,US,N,CECIL,SAME AS ARPT OPERG HRS,,CONTINUOUS,
2025/03/20,3253.0,A,FL,NIP,JACKSONVILLE,US,,,24 HRS,,24 HRS,
2025/03/20,3264.0,A,FL,NQX,KEY WEST,US,N,NAVY KEY WEST,0600-2200,,CONTINUOUS,
2025/03/20,3320.0,A,FL,NRB,MAYPORT,US,N,NAVY MAYPORT,SAME AS ARPT OPERG HRS,,"1000-0500Z++ MON-THURS; 1000-2300Z++ FRI. CLSD SAT,SUN AND FED HOL",
2025/03/20,3352.0,A,FL,NDZ,MILTON,US,N,SOUTH WHITING,1300-0400Z++ MON-THUR; 1400-0400Z++ FRI; 2300-0300Z++ SUN; CLSD SAT & HOL.,,"1145-0500Z++ MON-FRI; CLSD SAT, SUN & HOL.",
2025/03/20,3352.01,A,FL,NSE,MILTON,US,,,,,"1245-0445Z++ MON-FRI, CLSD SAT, SUN & HOL.",
2025/03/20,3430.0,A,FL,PAM,PANAMA CITY,US,A,TYNDALL,"1200-2300Z++MON-FRI, CLSD WKEND, HOL. AND ACC DOWN DAYS.",,PART-TIME,
2025/03/20,3435.5,A,FL,NPA,PENSACOLA,US,N,SHERMAN OPS,0500-2300,,CONTINUOUS,
2025/03/20,3507.0,A,FL,SUA,STUART,US,C,STUART,0730-1600 MON-FRI,,,
2025/03/20,3514.0,A,FL,MCF,TAMPA,US,A,MAC DILL,24,24,CONTINUOUS,
2025/03/20,3531.3,A,FL,TTS,TITUSVILLE,US,,,,,24,
2025/03/20,3534.0,A,FL,VPS,VALPARAISO/DESTIN-FT WALTON BEACH,US,,,,,"FULL SVC 0600Z++ MON - 0600Z++ SAT, CLSD WKEND/HOL, OT SVC UNAVBL.",
2025/03/20,3535.03,A,FL,EGI,CRESTVIEW,US,,,,,PMSV METRO:  SUN 0500Z++ TO FRI 0500Z++. SVC LCTD AT KVPS.,
2025/03/20,3650.0,A,GA,AGS,AUGUSTA,US,R,ARMY OPNS,0700-1600,,,
2025/03/20,3800.8,A,GA,LHW,FORT STEWART (HINESVILLE),US,R,HUNTER,"BASE OPS 1230-0400Z++, M-F.",,FULL SVC 1230Z++-0400Z++; EXC HOL 252 025.,
2025/03/20,3991.0,A,GA,SVN,SAVANNAH,US,R,HUNTER,24 HRS,,PART-TIME,"(PMSV_HRS) PMSV METRO:  FULL SVC 0300-0400Z++ SUN-FRI, EXC HOL. WX SVC AVBL 24/5 INCL HOL."
2025/03/20,4072.0,A,GA,VAD,VALDOSTA,US,,,,24,,
2025/03/20,4109.0,A,GA,WDR,WINDER,US,R,WINDER,0730-1600 MON-FRI EXCEPT HOLIDAYS,,,
2025/03/20,4149.0,A,ID,BOI,BOISE,US,R,NG OPS,0800-1630 MON-FRI; 1830-2230 TUE & THU EXC HOL.,,,(MIL_OPS_HRS) ARNG OPS & ARMY R/W - D422-3976.
2025/03/20,4268.0,A,ID,MUO,MOUNTAIN HOME,US,A,RAYMOND 27,24,24,PART-TIME,
2025/03/20,4413.0,A,IL,BLV,BELLEVILLE,US,,,,24,FULL TIME,
2025/03/20,4938.0,A,IL,PIA,PEORIA,US,,,1230-2100Z++MON-FRI,,,
2025/03/20,5282.0,A,IN,FWA,FORT WAYNE,US,A,MACE,0815-1645 MON-FRI,,,
2025/03/20,5575.0,A,IN,GUS,PERU,US,A,GRISSOM DISPATCH,"OPR 1200-0400Z++ 26 AUG-11 APR; 1200-0400Z++ FRI-MON, 1200-0500Z++ TUE-THU 12 APR-25 AUG.""  OPR 1200-0400Z++ 26 AUG-11 APR; 1200-0400Z++ FRI-MON, 1200-0500Z++ TUE-THU 12 APR-25 AUG.""  ",,,
2025/03/20,5865.0,A,IA,BNW,BOONE,US,R,BOONE NATIONAL GUARD,0800-1630 EXCEPT HOLIDAYS,,,
2025/03/20,6402.0,A,IA,ALO,WATERLOO,US,R,SABER,0800-1630 MON-FRI,,,
2025/03/20,6595.0,A,KS,FLV,FORT LEAVENWORTH,US,R,SHERMAN OPNS,0730-1630 MON-FRI,,,
2025/03/20,6878.0,A,KS,SLN,SALINA,US,R,GUARDS,0730-1615 TUE-FRI; OCNLY SAT EXCEPT HOL,,,
2025/03/20,6932.0,A,KS,FOE,TOPEKA,US,A,FORBES DISPATCH,0730-1615 TUE-FRI; OCNLY SAT EXCEPT HOL,,,
2025/03/20,6979.0,A,KS,IAB,WICHITA,US,A,MCCONNELL BASE OPERATIONS,24,24,PART-TIME,
2025/03/20,7138.6,A,KY,HOP,FORT CAMPBELL/HOPKINSVILLE,US,R,CAMPBELL,24,0730-1630,PART-TIME,
2025/03/20,7139.0,A,KY,FTK,FORT KNOX,US,R,GODMAN,24,,CONTINUOUS,
2025/03/20,7520.0,A,LA,POE,FORT JOHNSON,US,R,POLK,,,CONTINUOUS,
2025/03/20,7589.0,A,LA,LFT,LAFAYETTE,US,R,CAJUN,0730-1600 WKDAYS EXCLDG HOLS.,,,
2025/03/20,7673.0,A,LA,NBG,NEW ORLEANS,US,N,CRAWFISH BASE,"BASE OPS OPR 1300-2100Z++ MON-FRI, CLSD SAT-SUN",,"1100-0500Z++ MON-SAT, 1400-2300Z++ SAT,SUN",
2025/03/20,7825.0,A,ME,BGR,BANGOR,US,R,ARMY GUARD,0730-1600 MON-FRI,,,
2025/03/20,8170.1,H,ME,ME59,NORTH WHITEFIELD,US,,QQ,,,,
2025/03/20,8441.3,A,MD,APG,ABERDEEN PROVING GROUNDS (ABERDEEN),US,R,PHILLIPS,SAME AS ARPT OPNS HRS,,,
2025/03/20,8452.0,A,MD,MTN,BALTIMORE,US,A,175TH/135TH OPERATIONS,0900-2100 TUE-SUN,,,
2025/03/20,8484.0,A,MD,ADW,CAMP SPRINGS,US,A,ANDREWS,24,24,WX 24,
2025/03/20,8530.0,H,MD,EDG,EDGEWOOD ARSENAL,US,R,WEIDE OPERATIONS,0800-1630 MON-FRI OT PRIOR REQ,,,
2025/03/20,8614.0,A,MD,NHK,PATUXENT RIVER,US,,,,,CONTINUOUS,
2025/03/20,8906.0,A,MA,FMH,FALMOUTH,US,C,OTIS,0600-0000,,,
2025/03/20,9304.02,A,MA,CEF,SPRINGFIELD/CHICOPEE,US,A,WESTOVER,0800-2300 MON-FRI; 0900-1700 SAT; 1300-2100 SUN; CLSD HOL,,"REMARKS: FULL SVC 1100-0400Z++ MON-FRI; 1100-2200Z++ SAT; 1500-0200Z++ SUN; CLSD HOL; DSN 589-2879, OT CTC 15TH OWS DSN 576-9755.",(AMCP_HRS) COMMAND POST/439 AW NAME CASINO ROYALE.; (PMSV_HRS) NGT OBSTN LTD DUE TO HI INTST SCTY LGTS. AFLD WX IS MNT BY AN/FMQ-19. AUTOMATED OBS ARE QLTY CTLD FOR ACCURACY DURG ATC FLYING HRS.
2025/03/20,9398.0,A,MA,BAF,WESTFIELD/SPRINGFIELD,US,R,HAWK CONTROL,0800-1630 TUES-SAT EXC HOL,,,
2025/03/20,9501.0,A,MI,ADG,ADRIAN,US,C,COAST GUARD AIR OPNS,SAME AS ARPT,,,
2025/03/20,10115.0,A,MI,MTC,MOUNT CLEMENS,US,A,SELFRIDGE,1230-0400Z++ DAILY; CLSD HOLS,1300-0500Z++,LTD SVC AVBL 1200-0400Z++ CLSD HOL.,
2025/03/20,10193.0,A,MI,OSC,OSCODA,US,,,,,CONTINUOUS,
2025/03/20,10614.8,A,MN,RYM,CAMP RIPLEY,US,R,MILLER TOWER,0800-1630 JAN-MAR; 0800-1900 MAY AUG,,,
2025/03/20,10974.0,A,MN,STP,ST PAUL,US,R,GUARD OPERATIONS,0800-1630 MON-FRI,,,
2025/03/20,11147.0,A,MS,BIX,BILOXI,US,A,KEESLER DISPATCH,OPR 1400-0500Z++ MON-FRI. 1700-2300Z++ SAT & SUN. CLSD HOL. UNIT TRNG ASSEMBLIES 1700-2300++  ,24,PART-TIME,
2025/03/20,11195.0,A,MS,CBM,COLUMBUS,US,A,COLUMBUS OPS,SAME AS TWR OPERG HRS,,PART TIME,
2025/03/20,11253.0,A,MS,GPT,GULFPORT,US,F,GULFPORT,0600-2300,,,
2025/03/20,11282.0,A,MS,HKS,JACKSON,US,R,HAWKINS FLD,0700-1630,,,"(MIL_OPS_CALL) DSN 293-2117, C601-313-2117."
2025/03/20,11339.1,A,MS,NMM,MERIDIAN,US,N,MC CAIN,SAME AS ARPT HRS,,"MON-THU 1100-0500Z++, FRI 1100-2300Z++",
2025/03/20,11339.2,A,MS,NJW,MERIDIAN,US,N,BRAVO TOWER,AS NEEDED,0730-2400 MON-FRI,,
2025/03/20,11808.0,A,MO,JEF,JEFFERSON CITY,US,R,BYE WORD,0800-1700 MON-FRI,,,
2025/03/20,11844.0,A,MO,SZL,KNOB NOSTER,US,A,WHITEMAN BASE OPNS,OPR 24 HR FM MON 1300Z++ THRU FRI 0500Z++; SAT-SUN 1400-2300Z++; CLSD HOL.  SEE NOTAMS FOR MOST UP TO DATE OPR HR.,24,PART-TIME,
2025/03/20,12381.0,A,MT,GTF,GREAT FALLS,US,R,NOVEMBER LIMA,24,,,
2025/03/20,12382.0,H,MT,GFA,GREAT FALLS,US,,,OPR 1300-0730++ MON-FRI; ACTIVE MIL HELO TFC 1500-0700++ MON-FRI; LTD SVC WKEND AND HOL.,,,(PMSV_HRS) WX CTC DSN 632-2710. FULL SVC AVBL MON-FRI H24. HO ON WKEND AND HOL CTC DSN 228-7338.
2025/03/20,12853.1,A,NE,OFF,OMAHA,US,A,PLAINSMAN,24,,CONTINUOUS,
2025/03/20,13081.0,A,NV,LSV,LAS VEGAS,US,A,RAYMOND 22,24,24,24,"(PMSV_HRS) PMSV METRO: FULL SVC AVBL DURG WX OPS HRS; PMSV UNREL 085-155 DEG BYD 35 NM AT OR BLW FL 200, 315-005 DEG BYD 40 NM AT OR BLW FL 200, 230-290 DEG BYD 55 NM AT OR BLW FL 200."
2025/03/20,13123.0,A,NV,RNO,RENO,US,A,ARROW,0800-1630,,,
2025/03/20,13124.0,A,NV,RTS,RENO,US,R,ROCKY,0700-1800 MON-THU EXCEPT HOLIDAYS,,,
2025/03/20,13887.0,A,NJ,NEL,LAKEHURST,US,N,LAKEHURST,0700-2300,,,
2025/03/20,14366.0,A,NJ,TTN,TRENTON,US,R,TRENTON,0730-1600 EXCEPT HOLIDAYS,,,
2025/03/20,14484.0,A,NJ,WRI,WRIGHTSTOWN,US,R,MCGUIRE ARMY OPERATIONS,CTC 15 MIN PRIOR TO LDG,24,WX SVC AVBL 24 HRS.,
2025/03/20,14525.0,A,NM,HMN,ALAMOGORDO,US,,,,,PART-TIME,
2025/03/20,14532.0,A,NM,ABQ,ALBUQUERQUE,US,A,TACO,0600-2200 MON-FRI; 0800-1700 SAT-SUN,24,24,
2025/03/20,14728.0,A,NM,SAF,SANTA FE,US,R,GUARD OPERATIONS,0800-1630,,,
2025/03/20,14739.1,A,NM,95E,SOCORRO,US,R,CHEROKEE,SAME AS ARPT,,,
2025/03/20,15752.0,A,NY,SWF,NEW YORK,US,R,STEWART ARMY,0630-2230,,,
2025/03/20,15783.0,A,NY,ISP,NEW YORK,US,R,ISLIP OPERATIONS,0730-1600 MON-SAT;0730-2300 TUE & THU,,,
2025/03/20,16118.0,A,NY,SCH,SCHENECTADY,US,A,SCHENECTADY COMMAND POST,0730-1600,0730-1600,,
2025/03/20,16585.0,A,NC,HFF,CAMP MACKALL,US,R,RANGE RDO,SUNRISE-SUNSET MON-FRI,,"PMSV METRO-OPR 0500-0600Z++MON-SAT, CLOSD HOL, OT BY NOTAM",
2025/03/20,16619.0,A,NC,NKT,CHERRY POINT,US,N,CHERRY POINT,SAME AS ATCT,,CONTINUOUS,
2025/03/20,16723.03,A,NC,POB,FAYETTEVILLE,US,,,,,PART TIME,
2025/03/20,16729.1,A,NC,FBG,FORT LIBERTY,US,,,,,"OPR 0500-0600Z++ MON-SAT, CLSD HOL, OT BY NOTAM",
2025/03/20,16815.0,A,NC,NCA,JACKSONVILLE,US,N,NEW RIVER OPS,SEE RMRKS,,244.775 1100-2200Z++ DLY (OT BROADCASTS ASOS INFO).,"(MIL_OPS_HRS) OPERATIONS HOURS 0700-SS MON-FRI, 0700-1200 SAT, 1600-2000 SUN."
2025/03/20,17147.5,A,NC,NJM,SWANSBORO,US,N,BOGUE,,,PART-TIME,
2025/03/20,17349.13,A,ND,RDR,GRAND FORKS,US,A,,24,,CONTINUOUS,
2025/03/20,17417.5,A,ND,MIB,MINOT,US,A,MINOT DISPATCH,SAME AS ATCT HRS,24,CONTINUOUS,
2025/03/20,17786.0,A,OH,LCK,COLUMBUS,US,A,RICK DISPATCH,24,,,
2025/03/20,17827.0,A,OH,FFO,DAYTON,US,A,PATTERSON,24,,FULL WX SVC AVBL H24 UNLESS SPECIFIED IN NOTAM.,
2025/03/20,18157.0,A,OH,MFD,MANSFIELD,US,A,AERO-COMMAND POST,0630-2230,0630-2230,,
2025/03/20,18577.0,A,OH,TOL,TOLEDO,US,,,"AIRFIELD OPS DUTY HRS 1145-2130Z++ MON-THU, OCNL WKENDS, EXCLDG HOLS.",,,
2025/03/20,18753.0,A,OH,YNG,YOUNGSTOWN/WARREN,US,A,TRULL,0800-0000,,,
2025/03/20,18780.0,A,OK,LTS,ALTUS,US,A,ALTUS CONSOLIDATED COMMAN*,"BASE OPS OPR  1245-0830Z++ WKD, CLSD WKEND AND FEDERAL HOL.",24,OPR H24 FM 0600Z++ MON THRU 0800Z++ SAT OR END OF FLYING FRI.,
2025/03/20,18954.0,A,OK,END,ENID,US,,,,,CONTINUOUS,
2025/03/20,18970.0,A,OK,FSI,FORT SILL,US,R,,"1330-2230Z++ MON-FRI, DSN 639-6160/5808, WX DSN 639-4000.",,"SVC AVBL 1200-0600Z++ MON-FRI, EXC HOL.",
2025/03/20,19135.0,A,OK,TIK,OKLAHOMA CITY,US,A,TINKER OPERATIONS,24,24,CONTINUOUS,
2025/03/20,19571.0,A,OR,PDX,PORTLAND,US,A,VICTOR HOTEL,24,,,
2025/03/20,19595.0,A,OR,SLE,SALEM,US,R,NG-OPNS,0700-1530 MON-FRI; EXCEPT HOL,,,
2025/03/20,20413.0,H,PA,MUI,FORT INDIANTOWN GAP (ANNVILLE),US,R,MUIR,MUIR OPS 1200-0600Z++ MON-FRI MAY-AUG EXC WKEND AND HOL; 1200-0500Z++ MON-FRI SEP-APR EXC WKEND AND HOL.,,,
2025/03/20,21233.0,A,PA,PSB,PHILIPSBURG,US,R,GUARD OPS,0700-1630 MON-FRI,,,
2025/03/20,21252.0,A,PA,PIT,PITTSBURGH,US,A,GREATER PITTSBURGH,NML DUTY HRS TUE-SAT,0730-1600,,
2025/03/20,21990.0,A,RI,OQU,NORTH KINGSTOWN,US,R,FIERCE ALPINE,0800-1630,,,
2025/03/20,22124.0,A,SC,NBC,BEAUFORT,US,N,BEAUFORT,SAME AS ATCT,,"1200-0400Z++ MON-THU; 1200-2400Z++ FRI; 2000-2200Z++ SUN, CLSD SAT AND HOL, OT BY NOTAM.",
2025/03/20,22174.0,A,SC,CHS,CHARLESTON,US,A,CHARLESTON,24,24,,
2025/03/20,22444.0,A,SC,MYR,MYRTLE BEACH,US,A,MYRTLE BEACH BASE OPS,0700-2300,24,PART-TIME,
2025/03/20,22538.0,A,SC,SSC,SUMTER,US,A,SHAW OPS,24,,"PART-TIME.  FORCASTER AVBL 1000-1800Z++MON-FRI, CLSD HOL.  DSN 965-2362, C803-895- 2362.  OPS HRS MAY VAR WITH LCL FLYING SKED.",
2025/03/20,22774.0,A,SD,RCA,RAPID CITY,US,A,DISPATCH,CLSD,,CONTINUOUS,
2025/03/20,22776.0,A,SD,RAP,RAPID CITY,US,R,GD OPNS,1400-0030Z TUE-FRI EXCP HOL,,,
2025/03/20,23233.04,A,TN,AYX,TULLAHOMA,US,A,ARNOLD OPS,"0800-1600 MON-FRI, EXCP HOLS",,,
2025/03/20,23286.0,A,TX,DYS,ABILENE,US,,,,24,CONTINUOUS,(PMSV_HRS) ALTN PMSV: SHEPPARD AFB 339.65.
2025/03/20,23369.0,A,TX,AUS,AUSTIN,US,,,,,PART-TIME,
2025/03/20,23660.0,A,TX,NGP,CORPUS CHRISTI,US,N,NAVY OPERATIONS,"1300-0500Z++ MON-THU; 1300-0300Z++ FRI; CLSD SAT; 0100-0500Z++ SUN; IF MON HOL, CLSD SUN, 0100-0500Z++ MON; OT CK NOTAM.",,"1000-0500Z++ MON-THU; 1000-0100Z++ FRI; CLSD SAT, SUN AND HOL.",
2025/03/20,23744.0,A,TX,DLF,DEL RIO,US,A,OPERATIONS,SAME AS ATCT,24,WX HS ,
2025/03/20,23876.0,A,TX,BIF,FORT BLISS/EL PASO/,US,R,BIGGS OPERATIONS,SAME AS ARPT OPERG HRS,,,
2025/03/20,23882.2,A,TX,GRK,FORT CAVAZOS (KILLEEN),US,,,,,WX OBSN FULLY AUTOMATED WITH MANUAL AUGMENTATION AVBL 24/7.,
2025/03/20,23882.21,H,TX,HLR,FORT CAVAZOS (KILLEEN),US,R,,,,CONTINUOUS,
2025/03/20,23895.0,A,TX,NFW,FORT WORTH,US,N,LOCKHEED,1300-2400Z++ MON-FRI,24,,
2025/03/20,24062.0,A,TX,HDO,HONDO,US,A,RIDGE CONTROL,0930-1730,,,
2025/03/20,24067.3,A,TX,EFD,HOUSTON,US,A,GUARD OPERATIONS,24,,,
2025/03/20,24166.0,A,TX,NQI,KINGSVILLE,US,N,KINGSVILLE,"1345-0600Z++ MON-THU; 1345-2345Z++ FRI; CLSD SAT, SUN & HOL EXC BY NOTAM. ",,"1345-0600Z++ MON-THU; 1345-2345Z++ FRI; CLSD SAT, SUN & HOL EXC BY NOTAM. ALSO AVABL 1 HR PR TO & DUR  NOTAM AFLD HRS.",
2025/03/20,24446.0,A,TX,NOG,ORANGE GROVE,US,N,NAVY ORANGE GROVE,0800-1800 MON-THU,,,
2025/03/20,24704.0,A,TX,SKF,SAN ANTONIO,US,,,,,CONTINUOUS,
2025/03/20,24949.0,A,TX,RND,UNIVERSAL CITY,US,,,,24,,"(PMSV_HRS) WX OPR H24 MON-THU, 0500-0300Z++ FRI, 0300-0500Z++ SUN AT DSN 487-3040, C210-652-3040. AN/FMQ-19 ASOS IN USE, AUGMENTED BY HUMAN OBSERVER AS NEC DUR AFLD OP HR. BACKUP WX OBSN VIEW LTD, RSTD FR S-NW BY FLIGHTLINE FAC AND TREES. CTC 26 OWS DSN 331-2651/2633/2635/2636, C318-529-2651/2633/2635/2636 DUR WX FLT CLOSURE OR EVAC. WHEN POSSIBLE, PROVIDE 2 HR PN FOR ALL RQR BRIEFS."
2025/03/20,25029.0,A,TX,SPS,WICHITA FALLS,US,,,,,CONTINUOUS,(PMSV_HRS) WINDS ISSUED BY TWR ARE OFFL WINDS FM CTR RWY.
2025/03/20,25232.0,A,UT,HIF,OGDEN,US,A,HILL OPNS,OPR H24 OPR 1500-0700Z++ MON-SAT; 1600-0000Z++ SAT-SUN.,24,PART-TIME,
2025/03/20,25289.0,A,UT,SLC,SALT LAKE CITY,US,,,1430-2230Z++ MON-THU. CLSD FRI-SUN AND HOL.,,,(MIL_OPS_OPER_CODE) ANG.
2025/03/20,25647.0,A,VA,BKT,BLACKSTONE,US,R,OPERATIONS,SEE RMRKS,,,
2025/03/20,25775.01,A,VA,DAA,FORT BELVOIR,US,,,,,PART TIME,
2025/03/20,25775.3,A,VA,FAF,FORT EUSTIS,US,R,FELKER,SAME AS ARPT HRS,,PART TIME,
2025/03/20,25815.0,A,VA,LFI,HAMPTON,US,,,,,CONTINUOUS,
2025/03/20,25903.0,A,VA,NGU,NORFOLK,US,N,CHAMBERS,24,24,CONTINUOUS,
2025/03/20,25959.0,A,VA,NYG,QUANTICO,US,N,QUANTICO,SAME AS ARPT OPERG HRS,,CONTINUOUS,
2025/03/20,26043.11,A,VA,NTU,VIRGINIA BEACH,US,N,OCEAN BASE OPNS,4,,PMSV 387.4-BASE OPS 284.9 (0700-1200Z++ NOT AVAL) ATCOM 6723.,
2025/03/20,26216.0,A,WA,GRF,FORT LEWIS/TACOMA,US,,,,,"OPR CONT. CLSD HOL.   AND 1500Z-0700Z++ FRI-SAT OR END OF LCL FLYING DAILY AND DURG INCLEMENT WX, AS REQUIRED, EXC HOL. WX BRIEFING FOR TRAN AIRCREW AVBL FM 25 OWS, DAVIS-MONTHAN AFB, DSN 228-6598.",(PMSV_HRS) WX OPS H24; CLSD HOL - 134.1 38.45 OR D357-7061/4363/ C253-967-7061/4363. AN/FMQ-19 AUTOMATED OBS SYS IN USE; AUGMENTED BY HUMAN OBS. WHEN WX FLT CLSD BRIEFING AVBL - 25 OWS D228-6598/6599/6588/C250-228-6598/6599/6588.
2025/03/20,26323.0,A,WA,NUW,OAK HARBOR,US,,,,,CONTINUOUS,
2025/03/20,26358.0,A,WA,NOW,PORT ANGELES,US,C,PORT ANGELES AIR,24,,,
2025/03/20,26419.0,A,WA,SKA,SPOKANE,US,A,WASHINGTON ANG,24,,24,
2025/03/20,26432.0,A,WA,TCM,TACOMA,US,A,MCCHORD OPERATIONS CENTER,24,24,,
2025/03/20,27346.0,A,WI,MSN,MADISON,US,A,RELAY,0730-1600,,,
2025/03/20,27388.0,A,WI,MKE,MILWAUKEE,US,A,UPSET CONTROL,0800-1630 TUE-SAT,,,
2025/03/20,27578.1,A,WI,CMY,SPARTA,US,R,MCCOY OPERATIONS,0630-1530 MON-FRI,,,
2025/03/20,27682.0,A,WI,ETB,WEST BEND,US,R,ARMY OPERATIONS,1330-2200Z MON-FRI EXC HOL.,,,
2025/03/20,27759.0,A,WY,CYS,CHEYENNE,US,,,,24,,
2025/03/20,50036.0,A,AK,EDF,ANCHORAGE,US,A,ELMENDORF ACC CENTER,24,24,CONTINUOUS,
2025/03/20,50036.5,A,AK,FRN,FORT RICHARDSON (ANCHORAGE),US,,,,,24 HRS,
2025/03/20,50146.0,A,AK,BIG,DELTA JUNCTION FT GREELY,US,R,ALLEN,24,,,
2025/03/20,50216.0,A,AK,FBK,FAIRBANKS/FT WAINWRIGHT,US,R,WAINWRIGHT OPERATIONS,1700-0800Z++ MON-FRI EXC HOLS; OTR TIMES BY NOTAM; OTR TIMES CLASS G.,,,
2025/03/20,50217.0,A,AK,EIL,FAIRBANKS,US,,,,,CONTINUOUS,
2025/03/20,50416.0,A,AK,AKN,KING SALMON,US,A,KING SALMON,0730-1630 MON-FRI,0730-1630 MON-FRI,,
2025/03/20,50425.0,A,AK,ADQ,KODIAK,US,C,KODIAK AIR,24,,,
2025/03/20,50711.0,A,AK,SLQ,SLEETMUTE,US,,TOW,,,,
2025/03/20,51510.2,A,GU,UAM,YIGO,US,,,,AMC COMD POST H24,CONTINUOUS,
2025/03/20,51516.2,A,,KWA,KWAJALEIN,MH,R,BUCHOLZ,24,,,
2025/03/20,52161.0,A,HI,HNL,HONOLULU,US,A,HICKAM,24,24,CONTINUOUS,(MIL_OPS_CALL) COMMUNICATIONS-: 15 AW COMD POST - 292.5 REMARKS: CALLSIGN (SHAKA OPS).   AIRMOBILITY CTL CENTER - 125.3 349.4 REMARKS: CALLSIGN (SHAKA OPS). 
2025/03/20,52550.1,A,HI,BSF,CAMP POHAKULOA,US,,,,,PART TIME,
2025/03/20,52587.0,A,HI,HHI,WAHIAWA,US,R,PINEAPPLE,M-F 1730Z-0900Z,,H24,"(PMSV_HRS) 125.1, DSN 315-456-1016/1017, C808-656-1016/1017.  ALT CTC 17 OWS, DSN 315-449-8333/7950, C808-449-8333/7950.  ALT METRO - 346.6 HICKAM."
2025/03/20,53004.0,A,PR,BQN,AGUADILLA,US,C,BORINQUEN OPNS,OPERATES WHEN UNIT ACFT ARE FLYING,,,
